dataset;#TrainingRelease;%Defective in training;%Defective in testing;classifier;balancing;Feature Selection;cost;TP;FP;TN;FN;Precision;Recall;FMeasure;ROC Area;Kappa
BOOKKEEPER;1;38,64;40,45;RANDOMFOREST;NO_SAMPLING;NO_SELECTION;NO_COST_SENSITIVE;62,0000;5,0000;126,0000;27,0000;0,9254;0,6966;0,7949;0,8858;0,6856
BOOKKEEPER;1;38,64;40,45;RANDOMFOREST;NO_SAMPLING;BEST_FIRST;NO_COST_SENSITIVE;56,0000;5,0000;126,0000;33,0000;0,9180;0,6292;0,7467;0,9018;0,6224
BOOKKEEPER;1;38,64;40,45;RANDOMFOREST;NO_SAMPLING;NO_SELECTION;SENSITIVE_THRESHOLD;5,0000;0,0000;131,0000;84,0000;1,0000;0,0562;0,1064;0,5281;0,0662
BOOKKEEPER;1;38,64;40,45;RANDOMFOREST;NO_SAMPLING;BEST_FIRST;SENSITIVE_THRESHOLD;12,0000;0,0000;131,0000;77,0000;1,0000;0,1348;0,2376;0,5674;0,1565
BOOKKEEPER;1;38,64;40,45;RANDOMFOREST;NO_SAMPLING;NO_SELECTION;SENSITIVE_LEARNING;25,0000;2,0000;129,0000;64,0000;0,9259;0,2809;0,4310;0,8547;0,2990
BOOKKEEPER;1;38,64;40,45;RANDOMFOREST;NO_SAMPLING;BEST_FIRST;SENSITIVE_LEARNING;40,0000;2,0000;129,0000;49,0000;0,9524;0,4494;0,6107;0,8736;0,4743
BOOKKEEPER;1;38,64;40,45;RANDOMFOREST;OVER_SAMPLING;NO_SELECTION;NO_COST_SENSITIVE;69,0000;11,0000;120,0000;20,0000;0,8625;0,7753;0,8166;0,8992;0,7027
BOOKKEEPER;1;38,64;40,45;RANDOMFOREST;OVER_SAMPLING;BEST_FIRST;NO_COST_SENSITIVE;53,0000;3,0000;128,0000;36,0000;0,9464;0,5955;0,7310;0,8853;0,6088
BOOKKEEPER;1;38,64;40,45;RANDOMFOREST;OVER_SAMPLING;NO_SELECTION;SENSITIVE_THRESHOLD;10,0000;0,0000;131,0000;79,0000;1,0000;0,1124;0,2020;0,5562;0,1310
BOOKKEEPER;1;38,64;40,45;RANDOMFOREST;OVER_SAMPLING;BEST_FIRST;SENSITIVE_THRESHOLD;27,0000;0,0000;131,0000;62,0000;1,0000;0,3034;0,4655;0,6517;0,3415
BOOKKEEPER;1;38,64;40,45;RANDOMFOREST;OVER_SAMPLING;NO_SELECTION;SENSITIVE_LEARNING;51,0000;13,0000;118,0000;38,0000;0,7969;0,5730;0,6667;0,7687;0,4961
BOOKKEEPER;1;38,64;40,45;RANDOMFOREST;OVER_SAMPLING;BEST_FIRST;SENSITIVE_LEARNING;30,0000;1,0000;130,0000;59,0000;0,9677;0,3371;0,5000;0,8990;0,3679
BOOKKEEPER;1;38,64;40,45;RANDOMFOREST;UNDER_SAMPLING;NO_SELECTION;NO_COST_SENSITIVE;60,0000;5,0000;126,0000;29,0000;0,9231;0,6742;0,7792;0,8938;0,6647
BOOKKEEPER;1;38,64;40,45;RANDOMFOREST;UNDER_SAMPLING;BEST_FIRST;NO_COST_SENSITIVE;72,0000;16,0000;115,0000;17,0000;0,8182;0,8090;0,8136;0,8909;0,6881
BOOKKEEPER;1;38,64;40,45;RANDOMFOREST;UNDER_SAMPLING;NO_SELECTION;SENSITIVE_THRESHOLD;6,0000;0,0000;131,0000;83,0000;1,0000;0,0674;0,1263;0,5337;0,0793
BOOKKEEPER;1;38,64;40,45;RANDOMFOREST;UNDER_SAMPLING;BEST_FIRST;SENSITIVE_THRESHOLD;13,0000;0,0000;131,0000;76,0000;1,0000;0,1461;0,2549;0,5730;0,1692
BOOKKEEPER;1;38,64;40,45;RANDOMFOREST;UNDER_SAMPLING;NO_SELECTION;SENSITIVE_LEARNING;81,0000;82,0000;49,0000;8,0000;0,4969;0,9101;0,6429;0,7877;0,2507
BOOKKEEPER;1;38,64;40,45;RANDOMFOREST;UNDER_SAMPLING;BEST_FIRST;SENSITIVE_LEARNING;89,0000;131,0000;0,0000;0,0000;0,4045;1,0000;0,5761;0,8044;0,0000
BOOKKEEPER;1;38,64;40,45;RANDOMFOREST;SMOTE;NO_SELECTION;NO_COST_SENSITIVE;67,0000;13,0000;118,0000;22,0000;0,8375;0,7528;0,7929;0,8974;0,6643
BOOKKEEPER;1;38,64;40,45;RANDOMFOREST;SMOTE;BEST_FIRST;NO_COST_SENSITIVE;57,0000;5,0000;126,0000;32,0000;0,9194;0,6404;0,7550;0,9109;0,6331
BOOKKEEPER;1;38,64;40,45;RANDOMFOREST;SMOTE;NO_SELECTION;SENSITIVE_THRESHOLD;7,0000;0,0000;131,0000;82,0000;1,0000;0,0787;0,1458;0,5393;0,0923
BOOKKEEPER;1;38,64;40,45;RANDOMFOREST;SMOTE;BEST_FIRST;SENSITIVE_THRESHOLD;9,0000;0,0000;131,0000;80,0000;1,0000;0,1011;0,1837;0,5506;0,1181
BOOKKEEPER;1;38,64;40,45;RANDOMFOREST;SMOTE;NO_SELECTION;SENSITIVE_LEARNING;33,0000;5,0000;126,0000;56,0000;0,8684;0,3708;0,5197;0,8234;0,3663
BOOKKEEPER;1;38,64;40,45;RANDOMFOREST;SMOTE;BEST_FIRST;SENSITIVE_LEARNING;38,0000;3,0000;128,0000;51,0000;0,9268;0,4270;0,5846;0,8650;0,4423
BOOKKEEPER;1;38,64;40,45;NAIVEBAYES;NO_SAMPLING;NO_SELECTION;NO_COST_SENSITIVE;89,0000;131,0000;0,0000;0,0000;0,4045;1,0000;0,5761;0,4853;0,0000
BOOKKEEPER;1;38,64;40,45;NAIVEBAYES;NO_SAMPLING;BEST_FIRST;NO_COST_SENSITIVE;89,0000;131,0000;0,0000;0,0000;0,4045;1,0000;0,5761;0,4177;0,0000
BOOKKEEPER;1;38,64;40,45;NAIVEBAYES;NO_SAMPLING;NO_SELECTION;SENSITIVE_THRESHOLD;89,0000;131,0000;0,0000;0,0000;0,4045;1,0000;0,5761;0,5000;0,0000
BOOKKEEPER;1;38,64;40,45;NAIVEBAYES;NO_SAMPLING;BEST_FIRST;SENSITIVE_THRESHOLD;89,0000;131,0000;0,0000;0,0000;0,4045;1,0000;0,5761;0,5000;0,0000
BOOKKEEPER;1;38,64;40,45;NAIVEBAYES;NO_SAMPLING;NO_SELECTION;SENSITIVE_LEARNING;89,0000;131,0000;0,0000;0,0000;0,4045;1,0000;0,5761;0,4852;0,0000
BOOKKEEPER;1;38,64;40,45;NAIVEBAYES;NO_SAMPLING;BEST_FIRST;SENSITIVE_LEARNING;89,0000;131,0000;0,0000;0,0000;0,4045;1,0000;0,5761;0,4177;0,0000
BOOKKEEPER;1;38,64;40,45;NAIVEBAYES;OVER_SAMPLING;NO_SELECTION;NO_COST_SENSITIVE;89,0000;131,0000;0,0000;0,0000;0,4045;1,0000;0,5761;0,5424;0,0000
BOOKKEEPER;1;38,64;40,45;NAIVEBAYES;OVER_SAMPLING;BEST_FIRST;NO_COST_SENSITIVE;89,0000;131,0000;0,0000;0,0000;0,4045;1,0000;0,5761;0,4215;0,0000
BOOKKEEPER;1;38,64;40,45;NAIVEBAYES;OVER_SAMPLING;NO_SELECTION;SENSITIVE_THRESHOLD;89,0000;131,0000;0,0000;0,0000;0,4045;1,0000;0,5761;0,5000;0,0000
BOOKKEEPER;1;38,64;40,45;NAIVEBAYES;OVER_SAMPLING;BEST_FIRST;SENSITIVE_THRESHOLD;89,0000;131,0000;0,0000;0,0000;0,4045;1,0000;0,5761;0,5000;0,0000
BOOKKEEPER;1;38,64;40,45;NAIVEBAYES;OVER_SAMPLING;NO_SELECTION;SENSITIVE_LEARNING;89,0000;131,0000;0,0000;0,0000;0,4045;1,0000;0,5761;0,5000;0,0000
BOOKKEEPER;1;38,64;40,45;NAIVEBAYES;OVER_SAMPLING;BEST_FIRST;SENSITIVE_LEARNING;89,0000;131,0000;0,0000;0,0000;0,4045;1,0000;0,5761;0,6568;0,0000
BOOKKEEPER;1;38,64;40,45;NAIVEBAYES;UNDER_SAMPLING;NO_SELECTION;NO_COST_SENSITIVE;89,0000;131,0000;0,0000;0,0000;0,4045;1,0000;0,5761;0,5648;0,0000
BOOKKEEPER;1;38,64;40,45;NAIVEBAYES;UNDER_SAMPLING;BEST_FIRST;NO_COST_SENSITIVE;89,0000;131,0000;0,0000;0,0000;0,4045;1,0000;0,5761;0,5197;0,0000
BOOKKEEPER;1;38,64;40,45;NAIVEBAYES;UNDER_SAMPLING;NO_SELECTION;SENSITIVE_THRESHOLD;89,0000;131,0000;0,0000;0,0000;0,4045;1,0000;0,5761;0,5000;0,0000
BOOKKEEPER;1;38,64;40,45;NAIVEBAYES;UNDER_SAMPLING;BEST_FIRST;SENSITIVE_THRESHOLD;89,0000;131,0000;0,0000;0,0000;0,4045;1,0000;0,5761;0,5000;0,0000
BOOKKEEPER;1;38,64;40,45;NAIVEBAYES;UNDER_SAMPLING;NO_SELECTION;SENSITIVE_LEARNING;89,0000;131,0000;0,0000;0,0000;0,4045;1,0000;0,5761;0,5000;0,0000
BOOKKEEPER;1;38,64;40,45;NAIVEBAYES;UNDER_SAMPLING;BEST_FIRST;SENSITIVE_LEARNING;89,0000;131,0000;0,0000;0,0000;0,4045;1,0000;0,5761;0,5000;0,0000
BOOKKEEPER;1;38,64;40,45;NAIVEBAYES;SMOTE;NO_SELECTION;NO_COST_SENSITIVE;89,0000;131,0000;0,0000;0,0000;0,4045;1,0000;0,5761;0,6147;0,0000
BOOKKEEPER;1;38,64;40,45;NAIVEBAYES;SMOTE;BEST_FIRST;NO_COST_SENSITIVE;89,0000;131,0000;0,0000;0,0000;0,4045;1,0000;0,5761;0,4655;0,0000
BOOKKEEPER;1;38,64;40,45;NAIVEBAYES;SMOTE;NO_SELECTION;SENSITIVE_THRESHOLD;89,0000;131,0000;0,0000;0,0000;0,4045;1,0000;0,5761;0,5000;0,0000
BOOKKEEPER;1;38,64;40,45;NAIVEBAYES;SMOTE;BEST_FIRST;SENSITIVE_THRESHOLD;89,0000;131,0000;0,0000;0,0000;0,4045;1,0000;0,5761;0,5000;0,0000
BOOKKEEPER;1;38,64;40,45;NAIVEBAYES;SMOTE;NO_SELECTION;SENSITIVE_LEARNING;89,0000;131,0000;0,0000;0,0000;0,4045;1,0000;0,5761;0,5830;0,0000
BOOKKEEPER;1;38,64;40,45;NAIVEBAYES;SMOTE;BEST_FIRST;SENSITIVE_LEARNING;89,0000;131,0000;0,0000;0,0000;0,4045;1,0000;0,5761;0,5974;0,0000
BOOKKEEPER;1;38,64;40,45;IBK;NO_SAMPLING;NO_SELECTION;NO_COST_SENSITIVE;74,0000;89,0000;42,0000;15,0000;0,4540;0,8315;0,5873;0,5760;0,1342
BOOKKEEPER;1;38,64;40,45;IBK;NO_SAMPLING;BEST_FIRST;NO_COST_SENSITIVE;69,0000;8,0000;123,0000;20,0000;0,8961;0,7753;0,8313;0,8571;0,7300
BOOKKEEPER;1;38,64;40,45;IBK;NO_SAMPLING;NO_SELECTION;SENSITIVE_THRESHOLD;74,0000;89,0000;42,0000;15,0000;0,4540;0,8315;0,5873;0,5760;0,1342
BOOKKEEPER;1;38,64;40,45;IBK;NO_SAMPLING;BEST_FIRST;SENSITIVE_THRESHOLD;69,0000;8,0000;123,0000;20,0000;0,8961;0,7753;0,8313;0,8571;0,7300
BOOKKEEPER;1;38,64;40,45;IBK;NO_SAMPLING;NO_SELECTION;SENSITIVE_LEARNING;74,0000;89,0000;42,0000;15,0000;0,4540;0,8315;0,5873;0,5760;0,1342
BOOKKEEPER;1;38,64;40,45;IBK;NO_SAMPLING;BEST_FIRST;SENSITIVE_LEARNING;69,0000;8,0000;123,0000;20,0000;0,8961;0,7753;0,8313;0,8571;0,7300
BOOKKEEPER;1;38,64;40,45;IBK;OVER_SAMPLING;NO_SELECTION;NO_COST_SENSITIVE;74,0000;89,0000;42,0000;15,0000;0,4540;0,8315;0,5873;0,5843;0,1342
BOOKKEEPER;1;38,64;40,45;IBK;OVER_SAMPLING;BEST_FIRST;NO_COST_SENSITIVE;59,0000;2,0000;129,0000;30,0000;0,9672;0,6629;0,7867;0,8243;0,6821
BOOKKEEPER;1;38,64;40,45;IBK;OVER_SAMPLING;NO_SELECTION;SENSITIVE_THRESHOLD;74,0000;89,0000;42,0000;15,0000;0,4540;0,8315;0,5873;0,5760;0,1342
BOOKKEEPER;1;38,64;40,45;IBK;OVER_SAMPLING;BEST_FIRST;SENSITIVE_THRESHOLD;59,0000;2,0000;129,0000;30,0000;0,9672;0,6629;0,7867;0,8238;0,6821
BOOKKEEPER;1;38,64;40,45;IBK;OVER_SAMPLING;NO_SELECTION;SENSITIVE_LEARNING;72,0000;34,0000;97,0000;17,0000;0,6792;0,8090;0,7385;0,7858;0,5331
BOOKKEEPER;1;38,64;40,45;IBK;OVER_SAMPLING;BEST_FIRST;SENSITIVE_LEARNING;35,0000;4,0000;127,0000;54,0000;0,8974;0,3933;0,5469;0,6754;0,3986
BOOKKEEPER;1;38,64;40,45;IBK;UNDER_SAMPLING;NO_SELECTION;NO_COST_SENSITIVE;74,0000;89,0000;42,0000;15,0000;0,4540;0,8315;0,5873;0,5760;0,1342
BOOKKEEPER;1;38,64;40,45;IBK;UNDER_SAMPLING;BEST_FIRST;NO_COST_SENSITIVE;69,0000;8,0000;123,0000;20,0000;0,8961;0,7753;0,8313;0,8571;0,7300
BOOKKEEPER;1;38,64;40,45;IBK;UNDER_SAMPLING;NO_SELECTION;SENSITIVE_THRESHOLD;74,0000;89,0000;42,0000;15,0000;0,4540;0,8315;0,5873;0,5760;0,1342
BOOKKEEPER;1;38,64;40,45;IBK;UNDER_SAMPLING;BEST_FIRST;SENSITIVE_THRESHOLD;69,0000;8,0000;123,0000;20,0000;0,8961;0,7753;0,8313;0,8571;0,7300
BOOKKEEPER;1;38,64;40,45;IBK;UNDER_SAMPLING;NO_SELECTION;SENSITIVE_LEARNING;89,0000;131,0000;0,0000;0,0000;0,4045;1,0000;0,5761;0,5000;0,0000
BOOKKEEPER;1;38,64;40,45;IBK;UNDER_SAMPLING;BEST_FIRST;SENSITIVE_LEARNING;89,0000;131,0000;0,0000;0,0000;0,4045;1,0000;0,5761;0,5000;0,0000
BOOKKEEPER;1;38,64;40,45;IBK;SMOTE;NO_SELECTION;NO_COST_SENSITIVE;74,0000;89,0000;42,0000;15,0000;0,4540;0,8315;0,5873;0,5760;0,1342
BOOKKEEPER;1;38,64;40,45;IBK;SMOTE;BEST_FIRST;NO_COST_SENSITIVE;69,0000;8,0000;123,0000;20,0000;0,8961;0,7753;0,8313;0,8571;0,7300
BOOKKEEPER;1;38,64;40,45;IBK;SMOTE;NO_SELECTION;SENSITIVE_THRESHOLD;74,0000;89,0000;42,0000;15,0000;0,4540;0,8315;0,5873;0,5760;0,1342
BOOKKEEPER;1;38,64;40,45;IBK;SMOTE;BEST_FIRST;SENSITIVE_THRESHOLD;69,0000;8,0000;123,0000;20,0000;0,8961;0,7753;0,8313;0,8571;0,7300
BOOKKEEPER;1;38,64;40,45;IBK;SMOTE;NO_SELECTION;SENSITIVE_LEARNING;69,0000;36,0000;95,0000;20,0000;0,6571;0,7753;0,7113;0,7695;0,4865
BOOKKEEPER;1;38,64;40,45;IBK;SMOTE;BEST_FIRST;SENSITIVE_LEARNING;34,0000;4,0000;127,0000;55,0000;0,8947;0,3820;0,5354;0,6767;0,3870
BOOKKEEPER;2;39,65;33,44;RANDOMFOREST;NO_SAMPLING;NO_SELECTION;NO_COST_SENSITIVE;85,0000;56,0000;151,0000;19,0000;0,6028;0,8173;0,6939;0,8518;0,5023
BOOKKEEPER;2;39,65;33,44;RANDOMFOREST;NO_SAMPLING;BEST_FIRST;NO_COST_SENSITIVE;82,0000;62,0000;145,0000;22,0000;0,5694;0,7885;0,6613;0,8343;0,4462
BOOKKEEPER;2;39,65;33,44;RANDOMFOREST;NO_SAMPLING;NO_SELECTION;SENSITIVE_THRESHOLD;45,0000;11,0000;196,0000;59,0000;0,8036;0,4327;0,5625;0,6898;0,4288
BOOKKEEPER;2;39,65;33,44;RANDOMFOREST;NO_SAMPLING;BEST_FIRST;SENSITIVE_THRESHOLD;42,0000;20,0000;187,0000;62,0000;0,6774;0,4038;0,5060;0,6536;0,3415
BOOKKEEPER;2;39,65;33,44;RANDOMFOREST;NO_SAMPLING;NO_SELECTION;SENSITIVE_LEARNING;57,0000;13,0000;194,0000;47,0000;0,8143;0,5481;0,6552;0,8590;0,5282
BOOKKEEPER;2;39,65;33,44;RANDOMFOREST;NO_SAMPLING;BEST_FIRST;SENSITIVE_LEARNING;50,0000;18,0000;189,0000;54,0000;0,7353;0,4808;0,5814;0,8449;0,4309
BOOKKEEPER;2;39,65;33,44;RANDOMFOREST;OVER_SAMPLING;NO_SELECTION;NO_COST_SENSITIVE;87,0000;67,0000;140,0000;17,0000;0,5649;0,8365;0,6744;0,8495;0,4581
BOOKKEEPER;2;39,65;33,44;RANDOMFOREST;OVER_SAMPLING;BEST_FIRST;NO_COST_SENSITIVE;81,0000;62,0000;145,0000;23,0000;0,5664;0,7788;0,6559;0,8238;0,4384
BOOKKEEPER;2;39,65;33,44;RANDOMFOREST;OVER_SAMPLING;NO_SELECTION;SENSITIVE_THRESHOLD;50,0000;11,0000;196,0000;54,0000;0,8197;0,4808;0,6061;0,7138;0,4767
BOOKKEEPER;2;39,65;33,44;RANDOMFOREST;OVER_SAMPLING;BEST_FIRST;SENSITIVE_THRESHOLD;55,0000;22,0000;185,0000;49,0000;0,7143;0,5288;0,6077;0,7113;0,4517
BOOKKEEPER;2;39,65;33,44;RANDOMFOREST;OVER_SAMPLING;NO_SELECTION;SENSITIVE_LEARNING;73,0000;36,0000;171,0000;31,0000;0,6697;0,7019;0,6854;0,8533;0,5218
BOOKKEEPER;2;39,65;33,44;RANDOMFOREST;OVER_SAMPLING;BEST_FIRST;SENSITIVE_LEARNING;69,0000;54,0000;153,0000;35,0000;0,5610;0,6635;0,6079;0,7892;0,3851
BOOKKEEPER;2;39,65;33,44;RANDOMFOREST;UNDER_SAMPLING;NO_SELECTION;NO_COST_SENSITIVE;90,0000;64,0000;143,0000;14,0000;0,5844;0,8654;0,6977;0,8575;0,4968
BOOKKEEPER;2;39,65;33,44;RANDOMFOREST;UNDER_SAMPLING;BEST_FIRST;NO_COST_SENSITIVE;86,0000;64,0000;143,0000;18,0000;0,5733;0,8269;0,6772;0,8351;0,4664
BOOKKEEPER;2;39,65;33,44;RANDOMFOREST;UNDER_SAMPLING;NO_SELECTION;SENSITIVE_THRESHOLD;49,0000;11,0000;196,0000;55,0000;0,8167;0,4712;0,5976;0,7090;0,4672
BOOKKEEPER;2;39,65;33,44;RANDOMFOREST;UNDER_SAMPLING;BEST_FIRST;SENSITIVE_THRESHOLD;50,0000;21,0000;186,0000;54,0000;0,7042;0,4808;0,5714;0,6897;0,4118
BOOKKEEPER;2;39,65;33,44;RANDOMFOREST;UNDER_SAMPLING;NO_SELECTION;SENSITIVE_LEARNING;80,0000;51,0000;156,0000;24,0000;0,6107;0,7692;0,6809;0,8162;0,4911
BOOKKEEPER;2;39,65;33,44;RANDOMFOREST;UNDER_SAMPLING;BEST_FIRST;SENSITIVE_LEARNING;91,0000;100,0000;107,0000;13,0000;0,4764;0,8750;0,6169;0,8218;0,3244
BOOKKEEPER;2;39,65;33,44;RANDOMFOREST;SMOTE;NO_SELECTION;NO_COST_SENSITIVE;86,0000;65,0000;142,0000;18,0000;0,5695;0,8269;0,6745;0,8382;0,4611
BOOKKEEPER;2;39,65;33,44;RANDOMFOREST;SMOTE;BEST_FIRST;NO_COST_SENSITIVE;89,0000;69,0000;138,0000;15,0000;0,5633;0,8558;0,6794;0,8352;0,4627
BOOKKEEPER;2;39,65;33,44;RANDOMFOREST;SMOTE;NO_SELECTION;SENSITIVE_THRESHOLD;48,0000;18,0000;189,0000;56,0000;0,7273;0,4615;0,5647;0,6873;0,4120
BOOKKEEPER;2;39,65;33,44;RANDOMFOREST;SMOTE;BEST_FIRST;SENSITIVE_THRESHOLD;44,0000;22,0000;185,0000;60,0000;0,6667;0,4231;0,5176;0,6584;0,3485
BOOKKEEPER;2;39,65;33,44;RANDOMFOREST;SMOTE;NO_SELECTION;SENSITIVE_LEARNING;54,0000;14,0000;193,0000;50,0000;0,7941;0,5192;0,6279;0,8446;0,4942
BOOKKEEPER;2;39,65;33,44;RANDOMFOREST;SMOTE;BEST_FIRST;SENSITIVE_LEARNING;64,0000;37,0000;170,0000;40,0000;0,6337;0,6154;0,6244;0,7919;0,4398
BOOKKEEPER;2;39,65;33,44;NAIVEBAYES;NO_SAMPLING;NO_SELECTION;NO_COST_SENSITIVE;43,0000;13,0000;194,0000;61,0000;0,7679;0,4135;0,5375;0,7712;0,3961
BOOKKEEPER;2;39,65;33,44;NAIVEBAYES;NO_SAMPLING;BEST_FIRST;NO_COST_SENSITIVE;45,0000;15,0000;192,0000;59,0000;0,7500;0,4327;0,5488;0,7741;0,4026
BOOKKEEPER;2;39,65;33,44;NAIVEBAYES;NO_SAMPLING;NO_SELECTION;SENSITIVE_THRESHOLD;40,0000;10,0000;197,0000;64,0000;0,8000;0,3846;0,5195;0,6682;0,3862
BOOKKEEPER;2;39,65;33,44;NAIVEBAYES;NO_SAMPLING;BEST_FIRST;SENSITIVE_THRESHOLD;32,0000;12,0000;195,0000;72,0000;0,7273;0,3077;0,4324;0,6249;0,2916
BOOKKEEPER;2;39,65;33,44;NAIVEBAYES;NO_SAMPLING;NO_SELECTION;SENSITIVE_LEARNING;41,0000;10,0000;197,0000;63,0000;0,8039;0,3942;0,5290;0,7712;0,3961
BOOKKEEPER;2;39,65;33,44;NAIVEBAYES;NO_SAMPLING;BEST_FIRST;SENSITIVE_LEARNING;32,0000;12,0000;195,0000;72,0000;0,7273;0,3077;0,4324;0,7740;0,2916
BOOKKEEPER;2;39,65;33,44;NAIVEBAYES;OVER_SAMPLING;NO_SELECTION;NO_COST_SENSITIVE;45,0000;13,0000;194,0000;59,0000;0,7759;0,4327;0,5556;0,7634;0,4156
BOOKKEEPER;2;39,65;33,44;NAIVEBAYES;OVER_SAMPLING;BEST_FIRST;NO_COST_SENSITIVE;44,0000;15,0000;192,0000;60,0000;0,7458;0,4231;0,5399;0,7804;0,3929
BOOKKEEPER;2;39,65;33,44;NAIVEBAYES;OVER_SAMPLING;NO_SELECTION;SENSITIVE_THRESHOLD;40,0000;10,0000;197,0000;64,0000;0,8000;0,3846;0,5195;0,6682;0,3862
BOOKKEEPER;2;39,65;33,44;NAIVEBAYES;OVER_SAMPLING;BEST_FIRST;SENSITIVE_THRESHOLD;30,0000;9,0000;198,0000;74,0000;0,7692;0,2885;0,4196;0,6225;0,2901
BOOKKEEPER;2;39,65;33,44;NAIVEBAYES;OVER_SAMPLING;NO_SELECTION;SENSITIVE_LEARNING;61,0000;24,0000;183,0000;43,0000;0,7176;0,5865;0,6455;0,7857;0,4930
BOOKKEEPER;2;39,65;33,44;NAIVEBAYES;OVER_SAMPLING;BEST_FIRST;SENSITIVE_LEARNING;69,0000;39,0000;168,0000;35,0000;0,6389;0,6635;0,6509;0,7931;0,4706
BOOKKEEPER;2;39,65;33,44;NAIVEBAYES;UNDER_SAMPLING;NO_SELECTION;NO_COST_SENSITIVE;47,0000;13,0000;194,0000;57,0000;0,7833;0,4519;0,5732;0,7712;0,4349
BOOKKEEPER;2;39,65;33,44;NAIVEBAYES;UNDER_SAMPLING;BEST_FIRST;NO_COST_SENSITIVE;42,0000;14,0000;193,0000;62,0000;0,7500;0,4038;0,5250;0,7708;0,3798
BOOKKEEPER;2;39,65;33,44;NAIVEBAYES;UNDER_SAMPLING;NO_SELECTION;SENSITIVE_THRESHOLD;44,0000;13,0000;194,0000;60,0000;0,7719;0,4231;0,5466;0,6801;0,4059
BOOKKEEPER;2;39,65;33,44;NAIVEBAYES;UNDER_SAMPLING;BEST_FIRST;SENSITIVE_THRESHOLD;30,0000;8,0000;199,0000;74,0000;0,7895;0,2885;0,4225;0,6249;0,2967
BOOKKEEPER;2;39,65;33,44;NAIVEBAYES;UNDER_SAMPLING;NO_SELECTION;SENSITIVE_LEARNING;58,0000;28,0000;179,0000;46,0000;0,6744;0,5577;0,6105;0,7837;0,4414
BOOKKEEPER;2;39,65;33,44;NAIVEBAYES;UNDER_SAMPLING;BEST_FIRST;SENSITIVE_LEARNING;72,0000;48,0000;159,0000;32,0000;0,6000;0,6923;0,6429;0,7906;0,4435
BOOKKEEPER;2;39,65;33,44;NAIVEBAYES;SMOTE;NO_SELECTION;NO_COST_SENSITIVE;45,0000;13,0000;194,0000;59,0000;0,7759;0,4327;0,5556;0,7802;0,4156
BOOKKEEPER;2;39,65;33,44;NAIVEBAYES;SMOTE;BEST_FIRST;NO_COST_SENSITIVE;49,0000;14,0000;193,0000;55,0000;0,7778;0,4712;0,5868;0,7735;0,4474
BOOKKEEPER;2;39,65;33,44;NAIVEBAYES;SMOTE;NO_SELECTION;SENSITIVE_THRESHOLD;42,0000;11,0000;196,0000;62,0000;0,7925;0,4038;0,5350;0,6754;0,3994
BOOKKEEPER;2;39,65;33,44;NAIVEBAYES;SMOTE;BEST_FIRST;SENSITIVE_THRESHOLD;38,0000;13,0000;194,0000;66,0000;0,7451;0,3654;0,4903;0,6513;0,3465
BOOKKEEPER;2;39,65;33,44;NAIVEBAYES;SMOTE;NO_SELECTION;SENSITIVE_LEARNING;58,0000;20,0000;187,0000;46,0000;0,7436;0,5577;0,6374;0,8136;0,4917
BOOKKEEPER;2;39,65;33,44;NAIVEBAYES;SMOTE;BEST_FIRST;SENSITIVE_LEARNING;47,0000;17,0000;190,0000;57,0000;0,7344;0,4519;0,5595;0,8049;0,4089
BOOKKEEPER;2;39,65;33,44;IBK;NO_SAMPLING;NO_SELECTION;NO_COST_SENSITIVE;72,0000;57,0000;150,0000;32,0000;0,5581;0,6923;0,6180;0,7204;0,3934
BOOKKEEPER;2;39,65;33,44;IBK;NO_SAMPLING;BEST_FIRST;NO_COST_SENSITIVE;75,0000;58,0000;149,0000;29,0000;0,5639;0,7212;0,6329;0,7333;0,4124
BOOKKEEPER;2;39,65;33,44;IBK;NO_SAMPLING;NO_SELECTION;SENSITIVE_THRESHOLD;72,0000;57,0000;150,0000;32,0000;0,5581;0,6923;0,6180;0,7085;0,3934
BOOKKEEPER;2;39,65;33,44;IBK;NO_SAMPLING;BEST_FIRST;SENSITIVE_THRESHOLD;75,0000;58,0000;149,0000;29,0000;0,5639;0,7212;0,6329;0,7205;0,4124
BOOKKEEPER;2;39,65;33,44;IBK;NO_SAMPLING;NO_SELECTION;SENSITIVE_LEARNING;72,0000;57,0000;150,0000;32,0000;0,5581;0,6923;0,6180;0,7204;0,3934
BOOKKEEPER;2;39,65;33,44;IBK;NO_SAMPLING;BEST_FIRST;SENSITIVE_LEARNING;75,0000;58,0000;149,0000;29,0000;0,5639;0,7212;0,6329;0,7333;0,4124
BOOKKEEPER;2;39,65;33,44;IBK;OVER_SAMPLING;NO_SELECTION;NO_COST_SENSITIVE;80,0000;80,0000;127,0000;24,0000;0,5000;0,7692;0,6061;0,7213;0,3375
BOOKKEEPER;2;39,65;33,44;IBK;OVER_SAMPLING;BEST_FIRST;NO_COST_SENSITIVE;76,0000;62,0000;145,0000;28,0000;0,5507;0,7308;0,6281;0,7320;0,3988
BOOKKEEPER;2;39,65;33,44;IBK;OVER_SAMPLING;NO_SELECTION;SENSITIVE_THRESHOLD;80,0000;80,0000;127,0000;24,0000;0,5000;0,7692;0,6061;0,6914;0,3375
BOOKKEEPER;2;39,65;33,44;IBK;OVER_SAMPLING;BEST_FIRST;SENSITIVE_THRESHOLD;76,0000;60,0000;147,0000;28,0000;0,5588;0,7308;0,6333;0,7205;0,4096
BOOKKEEPER;2;39,65;33,44;IBK;OVER_SAMPLING;NO_SELECTION;SENSITIVE_LEARNING;54,0000;21,0000;186,0000;50,0000;0,7200;0,5192;0,6034;0,6815;0,4489
BOOKKEEPER;2;39,65;33,44;IBK;OVER_SAMPLING;BEST_FIRST;SENSITIVE_LEARNING;51,0000;42,0000;165,0000;53,0000;0,5484;0,4904;0,5178;0,6658;0,2953
BOOKKEEPER;2;39,65;33,44;IBK;UNDER_SAMPLING;NO_SELECTION;NO_COST_SENSITIVE;80,0000;81,0000;126,0000;24,0000;0,4969;0,7692;0,6038;0,6940;0,3326
BOOKKEEPER;2;39,65;33,44;IBK;UNDER_SAMPLING;BEST_FIRST;NO_COST_SENSITIVE;78,0000;67,0000;140,0000;26,0000;0,5379;0,7500;0,6265;0,7180;0,3882
BOOKKEEPER;2;39,65;33,44;IBK;UNDER_SAMPLING;NO_SELECTION;SENSITIVE_THRESHOLD;80,0000;81,0000;126,0000;24,0000;0,4969;0,7692;0,6038;0,6890;0,3326
BOOKKEEPER;2;39,65;33,44;IBK;UNDER_SAMPLING;BEST_FIRST;SENSITIVE_THRESHOLD;78,0000;67,0000;140,0000;26,0000;0,5379;0,7500;0,6265;0,7132;0,3882
BOOKKEEPER;2;39,65;33,44;IBK;UNDER_SAMPLING;NO_SELECTION;SENSITIVE_LEARNING;76,0000;63,0000;144,0000;28,0000;0,5468;0,7308;0,6255;0,7133;0,3935
BOOKKEEPER;2;39,65;33,44;IBK;UNDER_SAMPLING;BEST_FIRST;SENSITIVE_LEARNING;95,0000;119,0000;88,0000;9,0000;0,4439;0,9135;0,5975;0,6610;0,2680
BOOKKEEPER;2;39,65;33,44;IBK;SMOTE;NO_SELECTION;NO_COST_SENSITIVE;74,0000;63,0000;144,0000;30,0000;0,5401;0,7115;0,6141;0,7140;0,3774
BOOKKEEPER;2;39,65;33,44;IBK;SMOTE;BEST_FIRST;NO_COST_SENSITIVE;75,0000;62,0000;145,0000;29,0000;0,5474;0,7212;0,6224;0,7236;0,3908
BOOKKEEPER;2;39,65;33,44;IBK;SMOTE;NO_SELECTION;SENSITIVE_THRESHOLD;74,0000;63,0000;144,0000;30,0000;0,5401;0,7115;0,6141;0,7036;0,3774
BOOKKEEPER;2;39,65;33,44;IBK;SMOTE;BEST_FIRST;SENSITIVE_THRESHOLD;75,0000;62,0000;145,0000;29,0000;0,5474;0,7212;0,6224;0,7108;0,3908
BOOKKEEPER;2;39,65;33,44;IBK;SMOTE;NO_SELECTION;SENSITIVE_LEARNING;53,0000;13,0000;194,0000;51,0000;0,8030;0,5096;0,6235;0,6842;0,4915
BOOKKEEPER;2;39,65;33,44;IBK;SMOTE;BEST_FIRST;SENSITIVE_LEARNING;52,0000;41,0000;166,0000;52,0000;0,5591;0,5000;0,5279;0,6430;0,3101
BOOKKEEPER;3;36,92;9,32;RANDOMFOREST;NO_SAMPLING;NO_SELECTION;NO_COST_SENSITIVE;3,0000;13,0000;269,0000;26,0000;0,1875;0,1034;0,1333;0,6922;0,0718
BOOKKEEPER;3;36,92;9,32;RANDOMFOREST;NO_SAMPLING;BEST_FIRST;NO_COST_SENSITIVE;5,0000;20,0000;262,0000;24,0000;0,2000;0,1724;0,1852;0,7829;0,1082
BOOKKEEPER;3;36,92;9,32;RANDOMFOREST;NO_SAMPLING;NO_SELECTION;SENSITIVE_THRESHOLD;0,0000;0,0000;282,0000;29,0000;NaN;0,0000;NaN;0,5000;0,0000
BOOKKEEPER;3;36,92;9,32;RANDOMFOREST;NO_SAMPLING;BEST_FIRST;SENSITIVE_THRESHOLD;0,0000;0,0000;282,0000;29,0000;NaN;0,0000;NaN;0,5000;0,0000
BOOKKEEPER;3;36,92;9,32;RANDOMFOREST;NO_SAMPLING;NO_SELECTION;SENSITIVE_LEARNING;0,0000;0,0000;282,0000;29,0000;NaN;0,0000;NaN;0,8286;0,0000
BOOKKEEPER;3;36,92;9,32;RANDOMFOREST;NO_SAMPLING;BEST_FIRST;SENSITIVE_LEARNING;0,0000;0,0000;282,0000;29,0000;NaN;0,0000;NaN;0,8050;0,0000
BOOKKEEPER;3;36,92;9,32;RANDOMFOREST;OVER_SAMPLING;NO_SELECTION;NO_COST_SENSITIVE;3,0000;15,0000;267,0000;26,0000;0,1667;0,1034;0,1277;0,6431;0,0606
BOOKKEEPER;3;36,92;9,32;RANDOMFOREST;OVER_SAMPLING;BEST_FIRST;NO_COST_SENSITIVE;11,0000;38,0000;244,0000;18,0000;0,2245;0,3793;0,2821;0,7639;0,1868
BOOKKEEPER;3;36,92;9,32;RANDOMFOREST;OVER_SAMPLING;NO_SELECTION;SENSITIVE_THRESHOLD;0,0000;0,0000;282,0000;29,0000;NaN;0,0000;NaN;0,5000;0,0000
BOOKKEEPER;3;36,92;9,32;RANDOMFOREST;OVER_SAMPLING;BEST_FIRST;SENSITIVE_THRESHOLD;0,0000;0,0000;282,0000;29,0000;NaN;0,0000;NaN;0,5000;0,0000
BOOKKEEPER;3;36,92;9,32;RANDOMFOREST;OVER_SAMPLING;NO_SELECTION;SENSITIVE_LEARNING;0,0000;0,0000;282,0000;29,0000;NaN;0,0000;NaN;0,8260;0,0000
BOOKKEEPER;3;36,92;9,32;RANDOMFOREST;OVER_SAMPLING;BEST_FIRST;SENSITIVE_LEARNING;2,0000;6,0000;276,0000;27,0000;0,2500;0,0690;0,1081;0,6900;0,0706
BOOKKEEPER;3;36,92;9,32;RANDOMFOREST;UNDER_SAMPLING;NO_SELECTION;NO_COST_SENSITIVE;4,0000;13,0000;269,0000;25,0000;0,2353;0,1379;0,1739;0,7207;0,1128
BOOKKEEPER;3;36,92;9,32;RANDOMFOREST;UNDER_SAMPLING;BEST_FIRST;NO_COST_SENSITIVE;5,0000;27,0000;255,0000;24,0000;0,1563;0,1724;0,1639;0,7753;0,0733
BOOKKEEPER;3;36,92;9,32;RANDOMFOREST;UNDER_SAMPLING;NO_SELECTION;SENSITIVE_THRESHOLD;0,0000;0,0000;282,0000;29,0000;NaN;0,0000;NaN;0,5000;0,0000
BOOKKEEPER;3;36,92;9,32;RANDOMFOREST;UNDER_SAMPLING;BEST_FIRST;SENSITIVE_THRESHOLD;0,0000;0,0000;282,0000;29,0000;NaN;0,0000;NaN;0,5000;0,0000
BOOKKEEPER;3;36,92;9,32;RANDOMFOREST;UNDER_SAMPLING;NO_SELECTION;SENSITIVE_LEARNING;2,0000;1,0000;281,0000;27,0000;0,6667;0,0690;0,1250;0,8726;0,1094
BOOKKEEPER;3;36,92;9,32;RANDOMFOREST;UNDER_SAMPLING;BEST_FIRST;SENSITIVE_LEARNING;24,0000;91,0000;191,0000;5,0000;0,2087;0,8276;0,3333;0,8119;0,2167
BOOKKEEPER;3;36,92;9,32;RANDOMFOREST;SMOTE;NO_SELECTION;NO_COST_SENSITIVE;3,0000;13,0000;269,0000;26,0000;0,1875;0,1034;0,1333;0,7174;0,0718
BOOKKEEPER;3;36,92;9,32;RANDOMFOREST;SMOTE;BEST_FIRST;NO_COST_SENSITIVE;5,0000;20,0000;262,0000;24,0000;0,2000;0,1724;0,1852;0,7809;0,1082
BOOKKEEPER;3;36,92;9,32;RANDOMFOREST;SMOTE;NO_SELECTION;SENSITIVE_THRESHOLD;0,0000;0,0000;282,0000;29,0000;NaN;0,0000;NaN;0,5000;0,0000
BOOKKEEPER;3;36,92;9,32;RANDOMFOREST;SMOTE;BEST_FIRST;SENSITIVE_THRESHOLD;0,0000;0,0000;282,0000;29,0000;NaN;0,0000;NaN;0,5000;0,0000
BOOKKEEPER;3;36,92;9,32;RANDOMFOREST;SMOTE;NO_SELECTION;SENSITIVE_LEARNING;0,0000;0,0000;282,0000;29,0000;NaN;0,0000;NaN;0,7128;0,0000
BOOKKEEPER;3;36,92;9,32;RANDOMFOREST;SMOTE;BEST_FIRST;SENSITIVE_LEARNING;1,0000;2,0000;280,0000;28,0000;0,3333;0,0345;0,0625;0,7032;0,0458
BOOKKEEPER;3;36,92;9,32;NAIVEBAYES;NO_SAMPLING;NO_SELECTION;NO_COST_SENSITIVE;8,0000;7,0000;275,0000;21,0000;0,5333;0,2759;0,3636;0,8426;0,3204
BOOKKEEPER;3;36,92;9,32;NAIVEBAYES;NO_SAMPLING;BEST_FIRST;NO_COST_SENSITIVE;12,0000;15,0000;267,0000;17,0000;0,4444;0,4138;0,4286;0,8228;0,3721
BOOKKEEPER;3;36,92;9,32;NAIVEBAYES;NO_SAMPLING;NO_SELECTION;SENSITIVE_THRESHOLD;7,0000;6,0000;276,0000;22,0000;0,5385;0,2414;0,3333;0,6101;0,2925
BOOKKEEPER;3;36,92;9,32;NAIVEBAYES;NO_SAMPLING;BEST_FIRST;SENSITIVE_THRESHOLD;12,0000;11,0000;271,0000;17,0000;0,5217;0,4138;0,4615;0,6874;0,4131
BOOKKEEPER;3;36,92;9,32;NAIVEBAYES;NO_SAMPLING;NO_SELECTION;SENSITIVE_LEARNING;7,0000;6,0000;276,0000;22,0000;0,5385;0,2414;0,3333;0,8426;0,2925
BOOKKEEPER;3;36,92;9,32;NAIVEBAYES;NO_SAMPLING;BEST_FIRST;SENSITIVE_LEARNING;12,0000;11,0000;271,0000;17,0000;0,5217;0,4138;0,4615;0,8228;0,4131
BOOKKEEPER;3;36,92;9,32;NAIVEBAYES;OVER_SAMPLING;NO_SELECTION;NO_COST_SENSITIVE;8,0000;7,0000;275,0000;21,0000;0,5333;0,2759;0,3636;0,8501;0,3204
BOOKKEEPER;3;36,92;9,32;NAIVEBAYES;OVER_SAMPLING;BEST_FIRST;NO_COST_SENSITIVE;13,0000;14,0000;268,0000;16,0000;0,4815;0,4483;0,4643;0,8118;0,4114
BOOKKEEPER;3;36,92;9,32;NAIVEBAYES;OVER_SAMPLING;NO_SELECTION;SENSITIVE_THRESHOLD;7,0000;6,0000;276,0000;22,0000;0,5385;0,2414;0,3333;0,6101;0,2925
BOOKKEEPER;3;36,92;9,32;NAIVEBAYES;OVER_SAMPLING;BEST_FIRST;SENSITIVE_THRESHOLD;10,0000;10,0000;272,0000;19,0000;0,5000;0,3448;0,4082;0,6547;0,3594
BOOKKEEPER;3;36,92;9,32;NAIVEBAYES;OVER_SAMPLING;NO_SELECTION;SENSITIVE_LEARNING;9,0000;8,0000;274,0000;20,0000;0,5294;0,3103;0,3913;0,8283;0,3462
BOOKKEEPER;3;36,92;9,32;NAIVEBAYES;OVER_SAMPLING;BEST_FIRST;SENSITIVE_LEARNING;11,0000;10,0000;272,0000;18,0000;0,5238;0,3793;0,4400;0,8229;0,3924
BOOKKEEPER;3;36,92;9,32;NAIVEBAYES;UNDER_SAMPLING;NO_SELECTION;NO_COST_SENSITIVE;8,0000;6,0000;276,0000;21,0000;0,5714;0,2759;0,3721;0,8234;0,3315
BOOKKEEPER;3;36,92;9,32;NAIVEBAYES;UNDER_SAMPLING;BEST_FIRST;NO_COST_SENSITIVE;12,0000;13,0000;269,0000;17,0000;0,4800;0,4138;0,4444;0,8156;0,3919
BOOKKEEPER;3;36,92;9,32;NAIVEBAYES;UNDER_SAMPLING;NO_SELECTION;SENSITIVE_THRESHOLD;5,0000;6,0000;276,0000;24,0000;0,4545;0,1724;0,2500;0,5756;0,2095
BOOKKEEPER;3;36,92;9,32;NAIVEBAYES;UNDER_SAMPLING;BEST_FIRST;SENSITIVE_THRESHOLD;9,0000;7,0000;275,0000;20,0000;0,5625;0,3103;0,4000;0,6428;0,3574
BOOKKEEPER;3;36,92;9,32;NAIVEBAYES;UNDER_SAMPLING;NO_SELECTION;SENSITIVE_LEARNING;9,0000;8,0000;274,0000;20,0000;0,5294;0,3103;0,3913;0,8340;0,3462
BOOKKEEPER;3;36,92;9,32;NAIVEBAYES;UNDER_SAMPLING;BEST_FIRST;SENSITIVE_LEARNING;14,0000;19,0000;263,0000;15,0000;0,4242;0,4828;0,4516;0,8325;0,3912
BOOKKEEPER;3;36,92;9,32;NAIVEBAYES;SMOTE;NO_SELECTION;NO_COST_SENSITIVE;10,0000;7,0000;275,0000;19,0000;0,5882;0,3448;0,4348;0,8403;0,3929
BOOKKEEPER;3;36,92;9,32;NAIVEBAYES;SMOTE;BEST_FIRST;NO_COST_SENSITIVE;14,0000;17,0000;265,0000;15,0000;0,4516;0,4828;0,4667;0,8183;0,4098
BOOKKEEPER;3;36,92;9,32;NAIVEBAYES;SMOTE;NO_SELECTION;SENSITIVE_THRESHOLD;8,0000;6,0000;276,0000;21,0000;0,5714;0,2759;0,3721;0,6273;0,3315
BOOKKEEPER;3;36,92;9,32;NAIVEBAYES;SMOTE;BEST_FIRST;SENSITIVE_THRESHOLD;12,0000;11,0000;271,0000;17,0000;0,5217;0,4138;0,4615;0,6874;0,4131
BOOKKEEPER;3;36,92;9,32;NAIVEBAYES;SMOTE;NO_SELECTION;SENSITIVE_LEARNING;8,0000;6,0000;276,0000;21,0000;0,5714;0,2759;0,3721;0,8315;0,3315
BOOKKEEPER;3;36,92;9,32;NAIVEBAYES;SMOTE;BEST_FIRST;SENSITIVE_LEARNING;9,0000;7,0000;275,0000;20,0000;0,5625;0,3103;0,4000;0,8036;0,3574
BOOKKEEPER;3;36,92;9,32;IBK;NO_SAMPLING;NO_SELECTION;NO_COST_SENSITIVE;6,0000;15,0000;267,0000;23,0000;0,2857;0,2069;0,2400;0,6092;0,1754
BOOKKEEPER;3;36,92;9,32;IBK;NO_SAMPLING;BEST_FIRST;NO_COST_SENSITIVE;6,0000;21,0000;261,0000;23,0000;0,2222;0,2069;0,2143;0,6952;0,1367
BOOKKEEPER;3;36,92;9,32;IBK;NO_SAMPLING;NO_SELECTION;SENSITIVE_THRESHOLD;6,0000;15,0000;267,0000;23,0000;0,2857;0,2069;0,2400;0,5769;0,1754
BOOKKEEPER;3;36,92;9,32;IBK;NO_SAMPLING;BEST_FIRST;SENSITIVE_THRESHOLD;6,0000;21,0000;261,0000;23,0000;0,2222;0,2069;0,2143;0,5662;0,1367
BOOKKEEPER;3;36,92;9,32;IBK;NO_SAMPLING;NO_SELECTION;SENSITIVE_LEARNING;6,0000;15,0000;267,0000;23,0000;0,2857;0,2069;0,2400;0,6092;0,1754
BOOKKEEPER;3;36,92;9,32;IBK;NO_SAMPLING;BEST_FIRST;SENSITIVE_LEARNING;6,0000;21,0000;261,0000;23,0000;0,2222;0,2069;0,2143;0,6952;0,1367
BOOKKEEPER;3;36,92;9,32;IBK;OVER_SAMPLING;NO_SELECTION;NO_COST_SENSITIVE;11,0000;22,0000;260,0000;18,0000;0,3333;0,3793;0,3548;0,6904;0,2837
BOOKKEEPER;3;36,92;9,32;IBK;OVER_SAMPLING;BEST_FIRST;NO_COST_SENSITIVE;7,0000;22,0000;260,0000;22,0000;0,2414;0,2414;0,2414;0,6989;0,1634
BOOKKEEPER;3;36,92;9,32;IBK;OVER_SAMPLING;NO_SELECTION;SENSITIVE_THRESHOLD;11,0000;22,0000;260,0000;18,0000;0,3333;0,3793;0,3548;0,6506;0,2837
BOOKKEEPER;3;36,92;9,32;IBK;OVER_SAMPLING;BEST_FIRST;SENSITIVE_THRESHOLD;7,0000;22,0000;260,0000;22,0000;0,2414;0,2414;0,2414;0,5817;0,1634
BOOKKEEPER;3;36,92;9,32;IBK;OVER_SAMPLING;NO_SELECTION;SENSITIVE_LEARNING;0,0000;0,0000;282,0000;29,0000;NaN;0,0000;NaN;0,4434;0,0000
BOOKKEEPER;3;36,92;9,32;IBK;OVER_SAMPLING;BEST_FIRST;SENSITIVE_LEARNING;1,0000;8,0000;274,0000;28,0000;0,1111;0,0345;0,0526;0,5383;0,0089
BOOKKEEPER;3;36,92;9,32;IBK;UNDER_SAMPLING;NO_SELECTION;NO_COST_SENSITIVE;13,0000;26,0000;256,0000;16,0000;0,3333;0,4483;0,3824;0,6898;0,3084
BOOKKEEPER;3;36,92;9,32;IBK;UNDER_SAMPLING;BEST_FIRST;NO_COST_SENSITIVE;7,0000;27,0000;255,0000;22,0000;0,2059;0,2414;0,2222;0,6565;0,1352
BOOKKEEPER;3;36,92;9,32;IBK;UNDER_SAMPLING;NO_SELECTION;SENSITIVE_THRESHOLD;13,0000;26,0000;256,0000;16,0000;0,3333;0,4483;0,3824;0,6780;0,3084
BOOKKEEPER;3;36,92;9,32;IBK;UNDER_SAMPLING;BEST_FIRST;SENSITIVE_THRESHOLD;7,0000;27,0000;255,0000;22,0000;0,2059;0,2414;0,2222;0,5728;0,1352
BOOKKEEPER;3;36,92;9,32;IBK;UNDER_SAMPLING;NO_SELECTION;SENSITIVE_LEARNING;0,0000;1,0000;281,0000;29,0000;0,0000;0,0000;0,0000;0,5000;-0,0063
BOOKKEEPER;3;36,92;9,32;IBK;UNDER_SAMPLING;BEST_FIRST;SENSITIVE_LEARNING;6,0000;35,0000;247,0000;23,0000;0,1463;0,2069;0,1714;0,5386;0,0698
BOOKKEEPER;3;36,92;9,32;IBK;SMOTE;NO_SELECTION;NO_COST_SENSITIVE;9,0000;18,0000;264,0000;20,0000;0,3333;0,3103;0,3214;0,6514;0,2544
BOOKKEEPER;3;36,92;9,32;IBK;SMOTE;BEST_FIRST;NO_COST_SENSITIVE;6,0000;21,0000;261,0000;23,0000;0,2222;0,2069;0,2143;0,6952;0,1367
BOOKKEEPER;3;36,92;9,32;IBK;SMOTE;NO_SELECTION;SENSITIVE_THRESHOLD;9,0000;18,0000;264,0000;20,0000;0,3333;0,3103;0,3214;0,6233;0,2544
BOOKKEEPER;3;36,92;9,32;IBK;SMOTE;BEST_FIRST;SENSITIVE_THRESHOLD;6,0000;21,0000;261,0000;23,0000;0,2222;0,2069;0,2143;0,5662;0,1367
BOOKKEEPER;3;36,92;9,32;IBK;SMOTE;NO_SELECTION;SENSITIVE_LEARNING;1,0000;0,0000;282,0000;28,0000;1,0000;0,0345;0,0667;0,6242;0,0608
BOOKKEEPER;3;36,92;9,32;IBK;SMOTE;BEST_FIRST;SENSITIVE_LEARNING;11,0000;45,0000;237,0000;18,0000;0,1964;0,3793;0,2588;0,6437;0,1550
BOOKKEEPER;4;28,49;8,63;RANDOMFOREST;NO_SAMPLING;NO_SELECTION;NO_COST_SENSITIVE;21,0000;16,0000;270,0000;6,0000;0,5676;0,7778;0,6563;0,9575;0,6182
BOOKKEEPER;4;28,49;8,63;RANDOMFOREST;NO_SAMPLING;BEST_FIRST;NO_COST_SENSITIVE;22,0000;17,0000;269,0000;5,0000;0,5641;0,8148;0,6667;0,9586;0,6288
BOOKKEEPER;4;28,49;8,63;RANDOMFOREST;NO_SAMPLING;NO_SELECTION;SENSITIVE_THRESHOLD;2,0000;3,0000;283,0000;25,0000;0,4000;0,0741;0,1250;0,5318;0,1008
BOOKKEEPER;4;28,49;8,63;RANDOMFOREST;NO_SAMPLING;BEST_FIRST;SENSITIVE_THRESHOLD;5,0000;1,0000;285,0000;22,0000;0,8333;0,1852;0,3030;0,5908;0,2805
BOOKKEEPER;4;28,49;8,63;RANDOMFOREST;NO_SAMPLING;NO_SELECTION;SENSITIVE_LEARNING;4,0000;3,0000;283,0000;23,0000;0,5714;0,1481;0,2353;0,9591;0,2071
BOOKKEEPER;4;28,49;8,63;RANDOMFOREST;NO_SAMPLING;BEST_FIRST;SENSITIVE_LEARNING;8,0000;3,0000;283,0000;19,0000;0,7273;0,2963;0,4211;0,9608;0,3906
BOOKKEEPER;4;28,49;8,63;RANDOMFOREST;OVER_SAMPLING;NO_SELECTION;NO_COST_SENSITIVE;24,0000;23,0000;263,0000;3,0000;0,5106;0,8889;0,6486;0,9520;0,6054
BOOKKEEPER;4;28,49;8,63;RANDOMFOREST;OVER_SAMPLING;BEST_FIRST;NO_COST_SENSITIVE;24,0000;27,0000;259,0000;3,0000;0,4706;0,8889;0,6154;0,9402;0,5665
BOOKKEEPER;4;28,49;8,63;RANDOMFOREST;OVER_SAMPLING;NO_SELECTION;SENSITIVE_THRESHOLD;7,0000;5,0000;281,0000;20,0000;0,5833;0,2593;0,3590;0,6209;0,3230
BOOKKEEPER;4;28,49;8,63;RANDOMFOREST;OVER_SAMPLING;BEST_FIRST;SENSITIVE_THRESHOLD;5,0000;4,0000;282,0000;22,0000;0,5556;0,1852;0,2778;0,5856;0,2452
BOOKKEEPER;4;28,49;8,63;RANDOMFOREST;OVER_SAMPLING;NO_SELECTION;SENSITIVE_LEARNING;13,0000;11,0000;275,0000;14,0000;0,5417;0,4815;0,5098;0,9268;0,4665
BOOKKEEPER;4;28,49;8,63;RANDOMFOREST;OVER_SAMPLING;BEST_FIRST;SENSITIVE_LEARNING;17,0000;21,0000;265,0000;10,0000;0,4474;0,6296;0,5231;0,9292;0,4696
BOOKKEEPER;4;28,49;8,63;RANDOMFOREST;UNDER_SAMPLING;NO_SELECTION;NO_COST_SENSITIVE;25,0000;30,0000;256,0000;2,0000;0,4545;0,9259;0,6098;0,9527;0,5587
BOOKKEEPER;4;28,49;8,63;RANDOMFOREST;UNDER_SAMPLING;BEST_FIRST;NO_COST_SENSITIVE;23,0000;35,0000;251,0000;4,0000;0,3966;0,8519;0,5412;0,9386;0,4800
BOOKKEEPER;4;28,49;8,63;RANDOMFOREST;UNDER_SAMPLING;NO_SELECTION;SENSITIVE_THRESHOLD;2,0000;1,0000;285,0000;25,0000;0,6667;0,0741;0,1333;0,5353;0,1181
BOOKKEEPER;4;28,49;8,63;RANDOMFOREST;UNDER_SAMPLING;BEST_FIRST;SENSITIVE_THRESHOLD;8,0000;6,0000;280,0000;19,0000;0,5714;0,2963;0,3902;0,6377;0,3521
BOOKKEEPER;4;28,49;8,63;RANDOMFOREST;UNDER_SAMPLING;NO_SELECTION;SENSITIVE_LEARNING;20,0000;23,0000;263,0000;7,0000;0,4651;0,7407;0,5714;0,9518;0,5206
BOOKKEEPER;4;28,49;8,63;RANDOMFOREST;UNDER_SAMPLING;BEST_FIRST;SENSITIVE_LEARNING;26,0000;62,0000;224,0000;1,0000;0,2955;0,9630;0,4522;0,9264;0,3689
BOOKKEEPER;4;28,49;8,63;RANDOMFOREST;SMOTE;NO_SELECTION;NO_COST_SENSITIVE;24,0000;22,0000;264,0000;3,0000;0,5217;0,8889;0,6575;0,9630;0,6158
BOOKKEEPER;4;28,49;8,63;RANDOMFOREST;SMOTE;BEST_FIRST;NO_COST_SENSITIVE;23,0000;18,0000;268,0000;4,0000;0,5610;0,8519;0,6765;0,9611;0,6389
BOOKKEEPER;4;28,49;8,63;RANDOMFOREST;SMOTE;NO_SELECTION;SENSITIVE_THRESHOLD;3,0000;1,0000;285,0000;24,0000;0,7500;0,1111;0,1935;0,5538;0,1752
BOOKKEEPER;4;28,49;8,63;RANDOMFOREST;SMOTE;BEST_FIRST;SENSITIVE_THRESHOLD;7,0000;3,0000;283,0000;20,0000;0,7000;0,2593;0,3784;0,6244;0,3480
BOOKKEEPER;4;28,49;8,63;RANDOMFOREST;SMOTE;NO_SELECTION;SENSITIVE_LEARNING;12,0000;6,0000;280,0000;15,0000;0,6667;0,4444;0,5333;0,9607;0,4987
BOOKKEEPER;4;28,49;8,63;RANDOMFOREST;SMOTE;BEST_FIRST;SENSITIVE_LEARNING;13,0000;11,0000;275,0000;14,0000;0,5417;0,4815;0,5098;0,9391;0,4665
BOOKKEEPER;4;28,49;8,63;NAIVEBAYES;NO_SAMPLING;NO_SELECTION;NO_COST_SENSITIVE;0,0000;1,0000;285,0000;27,0000;0,0000;0,0000;0,0000;0,8802;-0,0062
BOOKKEEPER;4;28,49;8,63;NAIVEBAYES;NO_SAMPLING;BEST_FIRST;NO_COST_SENSITIVE;2,0000;1,0000;285,0000;25,0000;0,6667;0,0741;0,1333;0,8297;0,1181
BOOKKEEPER;4;28,49;8,63;NAIVEBAYES;NO_SAMPLING;NO_SELECTION;SENSITIVE_THRESHOLD;0,0000;1,0000;285,0000;27,0000;0,0000;0,0000;0,0000;0,4983;-0,0062
BOOKKEEPER;4;28,49;8,63;NAIVEBAYES;NO_SAMPLING;BEST_FIRST;SENSITIVE_THRESHOLD;1,0000;1,0000;285,0000;26,0000;0,5000;0,0370;0,0690;0,5168;0,0578
BOOKKEEPER;4;28,49;8,63;NAIVEBAYES;NO_SAMPLING;NO_SELECTION;SENSITIVE_LEARNING;0,0000;1,0000;285,0000;27,0000;0,0000;0,0000;0,0000;0,8802;-0,0062
BOOKKEEPER;4;28,49;8,63;NAIVEBAYES;NO_SAMPLING;BEST_FIRST;SENSITIVE_LEARNING;1,0000;1,0000;285,0000;26,0000;0,5000;0,0370;0,0690;0,8297;0,0578
BOOKKEEPER;4;28,49;8,63;NAIVEBAYES;OVER_SAMPLING;NO_SELECTION;NO_COST_SENSITIVE;0,0000;1,0000;285,0000;27,0000;0,0000;0,0000;0,0000;0,8912;-0,0062
BOOKKEEPER;4;28,49;8,63;NAIVEBAYES;OVER_SAMPLING;BEST_FIRST;NO_COST_SENSITIVE;6,0000;3,0000;283,0000;21,0000;0,6667;0,2222;0,3333;0,8231;0,3033
BOOKKEEPER;4;28,49;8,63;NAIVEBAYES;OVER_SAMPLING;NO_SELECTION;SENSITIVE_THRESHOLD;0,0000;0,0000;286,0000;27,0000;NaN;0,0000;NaN;0,5000;0,0000
BOOKKEEPER;4;28,49;8,63;NAIVEBAYES;OVER_SAMPLING;BEST_FIRST;SENSITIVE_THRESHOLD;1,0000;0,0000;286,0000;26,0000;1,0000;0,0370;0,0714;0,5185;0,0657
BOOKKEEPER;4;28,49;8,63;NAIVEBAYES;OVER_SAMPLING;NO_SELECTION;SENSITIVE_LEARNING;0,0000;1,0000;285,0000;27,0000;0,0000;0,0000;0,0000;0,8605;-0,0062
BOOKKEEPER;4;28,49;8,63;NAIVEBAYES;OVER_SAMPLING;BEST_FIRST;SENSITIVE_LEARNING;6,0000;8,0000;278,0000;21,0000;0,4286;0,2222;0,2927;0,8202;0,2484
BOOKKEEPER;4;28,49;8,63;NAIVEBAYES;UNDER_SAMPLING;NO_SELECTION;NO_COST_SENSITIVE;0,0000;1,0000;285,0000;27,0000;0,0000;0,0000;0,0000;0,9021;-0,0062
BOOKKEEPER;4;28,49;8,63;NAIVEBAYES;UNDER_SAMPLING;BEST_FIRST;NO_COST_SENSITIVE;3,0000;1,0000;285,0000;24,0000;0,7500;0,1111;0,1935;0,8340;0,1752
BOOKKEEPER;4;28,49;8,63;NAIVEBAYES;UNDER_SAMPLING;NO_SELECTION;SENSITIVE_THRESHOLD;0,0000;1,0000;285,0000;27,0000;0,0000;0,0000;0,0000;0,4983;-0,0062
BOOKKEEPER;4;28,49;8,63;NAIVEBAYES;UNDER_SAMPLING;BEST_FIRST;SENSITIVE_THRESHOLD;1,0000;0,0000;286,0000;26,0000;1,0000;0,0370;0,0714;0,5185;0,0657
BOOKKEEPER;4;28,49;8,63;NAIVEBAYES;UNDER_SAMPLING;NO_SELECTION;SENSITIVE_LEARNING;3,0000;4,0000;282,0000;24,0000;0,4286;0,1111;0,1765;0,8263;0,1461
BOOKKEEPER;4;28,49;8,63;NAIVEBAYES;UNDER_SAMPLING;BEST_FIRST;SENSITIVE_LEARNING;13,0000;29,0000;257,0000;14,0000;0,3095;0,4815;0,3768;0,7780;0,3037
BOOKKEEPER;4;28,49;8,63;NAIVEBAYES;SMOTE;NO_SELECTION;NO_COST_SENSITIVE;0,0000;1,0000;285,0000;27,0000;0,0000;0,0000;0,0000;0,8881;-0,0062
BOOKKEEPER;4;28,49;8,63;NAIVEBAYES;SMOTE;BEST_FIRST;NO_COST_SENSITIVE;5,0000;4,0000;282,0000;22,0000;0,5556;0,1852;0,2778;0,8278;0,2452
BOOKKEEPER;4;28,49;8,63;NAIVEBAYES;SMOTE;NO_SELECTION;SENSITIVE_THRESHOLD;0,0000;1,0000;285,0000;27,0000;0,0000;0,0000;0,0000;0,4983;-0,0062
BOOKKEEPER;4;28,49;8,63;NAIVEBAYES;SMOTE;BEST_FIRST;SENSITIVE_THRESHOLD;2,0000;1,0000;285,0000;25,0000;0,6667;0,0741;0,1333;0,5353;0,1181
BOOKKEEPER;4;28,49;8,63;NAIVEBAYES;SMOTE;NO_SELECTION;SENSITIVE_LEARNING;0,0000;1,0000;285,0000;27,0000;0,0000;0,0000;0,0000;0,8667;-0,0062
BOOKKEEPER;4;28,49;8,63;NAIVEBAYES;SMOTE;BEST_FIRST;SENSITIVE_LEARNING;5,0000;3,0000;283,0000;22,0000;0,6250;0,1852;0,2857;0,8506;0,2564
BOOKKEEPER;4;28,49;8,63;IBK;NO_SAMPLING;NO_SELECTION;NO_COST_SENSITIVE;9,0000;20,0000;266,0000;18,0000;0,3103;0,3333;0,3214;0,6441;0,2549
BOOKKEEPER;4;28,49;8,63;IBK;NO_SAMPLING;BEST_FIRST;NO_COST_SENSITIVE;19,0000;17,0000;269,0000;8,0000;0,5278;0,7037;0,6032;0,8913;0,5598
BOOKKEEPER;4;28,49;8,63;IBK;NO_SAMPLING;NO_SELECTION;SENSITIVE_THRESHOLD;9,0000;20,0000;266,0000;18,0000;0,3103;0,3333;0,3214;0,6317;0,2549
BOOKKEEPER;4;28,49;8,63;IBK;NO_SAMPLING;BEST_FIRST;SENSITIVE_THRESHOLD;19,0000;17,0000;269,0000;8,0000;0,5278;0,7037;0,6032;0,8221;0,5598
BOOKKEEPER;4;28,49;8,63;IBK;NO_SAMPLING;NO_SELECTION;SENSITIVE_LEARNING;9,0000;20,0000;266,0000;18,0000;0,3103;0,3333;0,3214;0,6441;0,2549
BOOKKEEPER;4;28,49;8,63;IBK;NO_SAMPLING;BEST_FIRST;SENSITIVE_LEARNING;19,0000;17,0000;269,0000;8,0000;0,5278;0,7037;0,6032;0,8913;0,5598
BOOKKEEPER;4;28,49;8,63;IBK;OVER_SAMPLING;NO_SELECTION;NO_COST_SENSITIVE;9,0000;22,0000;264,0000;18,0000;0,2903;0,3333;0,3103;0,5194;0,2403
BOOKKEEPER;4;28,49;8,63;IBK;OVER_SAMPLING;BEST_FIRST;NO_COST_SENSITIVE;21,0000;29,0000;257,0000;6,0000;0,4200;0,7778;0,5455;0,8799;0,4881
BOOKKEEPER;4;28,49;8,63;IBK;OVER_SAMPLING;NO_SELECTION;SENSITIVE_THRESHOLD;9,0000;21,0000;265,0000;18,0000;0,3000;0,3333;0,3158;0,6300;0,2475
BOOKKEEPER;4;28,49;8,63;IBK;OVER_SAMPLING;BEST_FIRST;SENSITIVE_THRESHOLD;21,0000;25,0000;261,0000;6,0000;0,4565;0,7778;0,5753;0,8452;0,5235
BOOKKEEPER;4;28,49;8,63;IBK;OVER_SAMPLING;NO_SELECTION;SENSITIVE_LEARNING;5,0000;3,0000;283,0000;22,0000;0,6250;0,1852;0,2857;0,5625;0,2564
BOOKKEEPER;4;28,49;8,63;IBK;OVER_SAMPLING;BEST_FIRST;SENSITIVE_LEARNING;13,0000;13,0000;273,0000;14,0000;0,5000;0,4815;0,4906;0,7479;0,4435
BOOKKEEPER;4;28,49;8,63;IBK;UNDER_SAMPLING;NO_SELECTION;NO_COST_SENSITIVE;10,0000;33,0000;253,0000;17,0000;0,2326;0,3704;0,2857;0,6429;0,2010
BOOKKEEPER;4;28,49;8,63;IBK;UNDER_SAMPLING;BEST_FIRST;NO_COST_SENSITIVE;21,0000;35,0000;251,0000;6,0000;0,3750;0,7778;0,5060;0,8557;0,4409
BOOKKEEPER;4;28,49;8,63;IBK;UNDER_SAMPLING;NO_SELECTION;SENSITIVE_THRESHOLD;10,0000;33,0000;253,0000;17,0000;0,2326;0,3704;0,2857;0,6275;0,2010
BOOKKEEPER;4;28,49;8,63;IBK;UNDER_SAMPLING;BEST_FIRST;SENSITIVE_THRESHOLD;21,0000;35,0000;251,0000;6,0000;0,3750;0,7778;0,5060;0,8277;0,4409
BOOKKEEPER;4;28,49;8,63;IBK;UNDER_SAMPLING;NO_SELECTION;SENSITIVE_LEARNING;8,0000;9,0000;277,0000;19,0000;0,4706;0,2963;0,3636;0,6324;0,3182
BOOKKEEPER;4;28,49;8,63;IBK;UNDER_SAMPLING;BEST_FIRST;SENSITIVE_LEARNING;20,0000;54,0000;232,0000;7,0000;0,2703;0,7407;0,3960;0,7910;0,3087
BOOKKEEPER;4;28,49;8,63;IBK;SMOTE;NO_SELECTION;NO_COST_SENSITIVE;9,0000;20,0000;266,0000;18,0000;0,3103;0,3333;0,3214;0,6441;0,2549
BOOKKEEPER;4;28,49;8,63;IBK;SMOTE;BEST_FIRST;NO_COST_SENSITIVE;19,0000;17,0000;269,0000;8,0000;0,5278;0,7037;0,6032;0,8913;0,5598
BOOKKEEPER;4;28,49;8,63;IBK;SMOTE;NO_SELECTION;SENSITIVE_THRESHOLD;9,0000;20,0000;266,0000;18,0000;0,3103;0,3333;0,3214;0,6317;0,2549
BOOKKEEPER;4;28,49;8,63;IBK;SMOTE;BEST_FIRST;SENSITIVE_THRESHOLD;19,0000;17,0000;269,0000;8,0000;0,5278;0,7037;0,6032;0,8221;0,5598
BOOKKEEPER;4;28,49;8,63;IBK;SMOTE;NO_SELECTION;SENSITIVE_LEARNING;5,0000;3,0000;283,0000;22,0000;0,6250;0,1852;0,2857;0,6553;0,2564
BOOKKEEPER;4;28,49;8,63;IBK;SMOTE;BEST_FIRST;SENSITIVE_LEARNING;7,0000;9,0000;277,0000;20,0000;0,4375;0,2593;0,3256;0,7238;0,2793
BOOKKEEPER;5;23,82;6,35;RANDOMFOREST;NO_SAMPLING;NO_SELECTION;NO_COST_SENSITIVE;8,0000;4,0000;291,0000;12,0000;0,6667;0,4000;0,5000;0,9831;0,4750
BOOKKEEPER;5;23,82;6,35;RANDOMFOREST;NO_SAMPLING;BEST_FIRST;NO_COST_SENSITIVE;10,0000;9,0000;286,0000;10,0000;0,5263;0,5000;0,5128;0,9668;0,4807
BOOKKEEPER;5;23,82;6,35;RANDOMFOREST;NO_SAMPLING;NO_SELECTION;SENSITIVE_THRESHOLD;0,0000;0,0000;295,0000;20,0000;NaN;0,0000;NaN;0,5000;0,0000
BOOKKEEPER;5;23,82;6,35;RANDOMFOREST;NO_SAMPLING;BEST_FIRST;SENSITIVE_THRESHOLD;0,0000;2,0000;293,0000;20,0000;0,0000;0,0000;0,0000;0,4966;-0,0117
BOOKKEEPER;5;23,82;6,35;RANDOMFOREST;NO_SAMPLING;NO_SELECTION;SENSITIVE_LEARNING;0,0000;0,0000;295,0000;20,0000;NaN;0,0000;NaN;0,9830;0,0000
BOOKKEEPER;5;23,82;6,35;RANDOMFOREST;NO_SAMPLING;BEST_FIRST;SENSITIVE_LEARNING;0,0000;0,0000;295,0000;20,0000;NaN;0,0000;NaN;0,9710;0,0000
BOOKKEEPER;5;23,82;6,35;RANDOMFOREST;OVER_SAMPLING;NO_SELECTION;NO_COST_SENSITIVE;14,0000;9,0000;286,0000;6,0000;0,6087;0,7000;0,6512;0,9802;0,6257
BOOKKEEPER;5;23,82;6,35;RANDOMFOREST;OVER_SAMPLING;BEST_FIRST;NO_COST_SENSITIVE;14,0000;19,0000;276,0000;6,0000;0,4242;0,7000;0,5283;0,9533;0,4878
BOOKKEEPER;5;23,82;6,35;RANDOMFOREST;OVER_SAMPLING;NO_SELECTION;SENSITIVE_THRESHOLD;2,0000;0,0000;295,0000;18,0000;1,0000;0,1000;0,1818;0,5500;0,1723
BOOKKEEPER;5;23,82;6,35;RANDOMFOREST;OVER_SAMPLING;BEST_FIRST;SENSITIVE_THRESHOLD;2,0000;5,0000;290,0000;18,0000;0,2857;0,1000;0,1481;0,5415;0,1191
BOOKKEEPER;5;23,82;6,35;RANDOMFOREST;OVER_SAMPLING;NO_SELECTION;SENSITIVE_LEARNING;0,0000;0,0000;295,0000;20,0000;NaN;0,0000;NaN;0,9714;0,0000
BOOKKEEPER;5;23,82;6,35;RANDOMFOREST;OVER_SAMPLING;BEST_FIRST;SENSITIVE_LEARNING;5,0000;8,0000;287,0000;15,0000;0,3846;0,2500;0,3030;0,9486;0,2663
BOOKKEEPER;5;23,82;6,35;RANDOMFOREST;UNDER_SAMPLING;NO_SELECTION;NO_COST_SENSITIVE;19,0000;15,0000;280,0000;1,0000;0,5588;0,9500;0,7037;0,9814;0,6780
BOOKKEEPER;5;23,82;6,35;RANDOMFOREST;UNDER_SAMPLING;BEST_FIRST;NO_COST_SENSITIVE;19,0000;33,0000;262,0000;1,0000;0,3654;0,9500;0,5278;0,9525;0,4801
BOOKKEEPER;5;23,82;6,35;RANDOMFOREST;UNDER_SAMPLING;NO_SELECTION;SENSITIVE_THRESHOLD;2,0000;0,0000;295,0000;18,0000;1,0000;0,1000;0,1818;0,5500;0,1723
BOOKKEEPER;5;23,82;6,35;RANDOMFOREST;UNDER_SAMPLING;BEST_FIRST;SENSITIVE_THRESHOLD;4,0000;4,0000;291,0000;16,0000;0,5000;0,2000;0,2857;0,5932;0,2588
BOOKKEEPER;5;23,82;6,35;RANDOMFOREST;UNDER_SAMPLING;NO_SELECTION;SENSITIVE_LEARNING;19,0000;13,0000;282,0000;1,0000;0,5938;0,9500;0,7308;0,9829;0,7079
BOOKKEEPER;5;23,82;6,35;RANDOMFOREST;UNDER_SAMPLING;BEST_FIRST;SENSITIVE_LEARNING;18,0000;35,0000;260,0000;2,0000;0,3396;0,9000;0,4932;0,9558;0,4417
BOOKKEEPER;5;23,82;6,35;RANDOMFOREST;SMOTE;NO_SELECTION;NO_COST_SENSITIVE;13,0000;9,0000;286,0000;7,0000;0,5909;0,6500;0,6190;0,9769;0,5919
BOOKKEEPER;5;23,82;6,35;RANDOMFOREST;SMOTE;BEST_FIRST;NO_COST_SENSITIVE;14,0000;12,0000;283,0000;6,0000;0,5385;0,7000;0,6087;0,9700;0,5784
BOOKKEEPER;5;23,82;6,35;RANDOMFOREST;SMOTE;NO_SELECTION;SENSITIVE_THRESHOLD;0,0000;0,0000;295,0000;20,0000;NaN;0,0000;NaN;0,5000;0,0000
BOOKKEEPER;5;23,82;6,35;RANDOMFOREST;SMOTE;BEST_FIRST;SENSITIVE_THRESHOLD;4,0000;2,0000;293,0000;16,0000;0,6667;0,2000;0,3077;0,5966;0,2868
BOOKKEEPER;5;23,82;6,35;RANDOMFOREST;SMOTE;NO_SELECTION;SENSITIVE_LEARNING;0,0000;0,0000;295,0000;20,0000;NaN;0,0000;NaN;0,9557;0,0000
BOOKKEEPER;5;23,82;6,35;RANDOMFOREST;SMOTE;BEST_FIRST;SENSITIVE_LEARNING;6,0000;3,0000;292,0000;14,0000;0,6667;0,3000;0,4138;0,9647;0,3897
BOOKKEEPER;5;23,82;6,35;NAIVEBAYES;NO_SAMPLING;NO_SELECTION;NO_COST_SENSITIVE;1,0000;0,0000;295,0000;19,0000;1,0000;0,0500;0,0952;0,9259;0,0897
BOOKKEEPER;5;23,82;6,35;NAIVEBAYES;NO_SAMPLING;BEST_FIRST;NO_COST_SENSITIVE;1,0000;0,0000;295,0000;19,0000;1,0000;0,0500;0,0952;0,8586;0,0897
BOOKKEEPER;5;23,82;6,35;NAIVEBAYES;NO_SAMPLING;NO_SELECTION;SENSITIVE_THRESHOLD;1,0000;0,0000;295,0000;19,0000;1,0000;0,0500;0,0952;0,5250;0,0897
BOOKKEEPER;5;23,82;6,35;NAIVEBAYES;NO_SAMPLING;BEST_FIRST;SENSITIVE_THRESHOLD;1,0000;0,0000;295,0000;19,0000;1,0000;0,0500;0,0952;0,5250;0,0897
BOOKKEEPER;5;23,82;6,35;NAIVEBAYES;NO_SAMPLING;NO_SELECTION;SENSITIVE_LEARNING;1,0000;0,0000;295,0000;19,0000;1,0000;0,0500;0,0952;0,9259;0,0897
BOOKKEEPER;5;23,82;6,35;NAIVEBAYES;NO_SAMPLING;BEST_FIRST;SENSITIVE_LEARNING;1,0000;0,0000;295,0000;19,0000;1,0000;0,0500;0,0952;0,8586;0,0897
BOOKKEEPER;5;23,82;6,35;NAIVEBAYES;OVER_SAMPLING;NO_SELECTION;NO_COST_SENSITIVE;1,0000;1,0000;294,0000;19,0000;0,5000;0,0500;0,0909;0,9132;0,0803
BOOKKEEPER;5;23,82;6,35;NAIVEBAYES;OVER_SAMPLING;BEST_FIRST;NO_COST_SENSITIVE;1,0000;1,0000;294,0000;19,0000;0,5000;0,0500;0,0909;0,8595;0,0803
BOOKKEEPER;5;23,82;6,35;NAIVEBAYES;OVER_SAMPLING;NO_SELECTION;SENSITIVE_THRESHOLD;1,0000;0,0000;295,0000;19,0000;1,0000;0,0500;0,0952;0,5250;0,0897
BOOKKEEPER;5;23,82;6,35;NAIVEBAYES;OVER_SAMPLING;BEST_FIRST;SENSITIVE_THRESHOLD;1,0000;1,0000;294,0000;19,0000;0,5000;0,0500;0,0909;0,5233;0,0803
BOOKKEEPER;5;23,82;6,35;NAIVEBAYES;OVER_SAMPLING;NO_SELECTION;SENSITIVE_LEARNING;1,0000;1,0000;294,0000;19,0000;0,5000;0,0500;0,0909;0,9374;0,0803
BOOKKEEPER;5;23,82;6,35;NAIVEBAYES;OVER_SAMPLING;BEST_FIRST;SENSITIVE_LEARNING;3,0000;0,0000;295,0000;17,0000;1,0000;0,1500;0,2609;0,9342;0,2484
BOOKKEEPER;5;23,82;6,35;NAIVEBAYES;UNDER_SAMPLING;NO_SELECTION;NO_COST_SENSITIVE;1,0000;0,0000;295,0000;19,0000;1,0000;0,0500;0,0952;0,9149;0,0897
BOOKKEEPER;5;23,82;6,35;NAIVEBAYES;UNDER_SAMPLING;BEST_FIRST;NO_COST_SENSITIVE;5,0000;7,0000;288,0000;15,0000;0,4167;0,2500;0,3125;0,8512;0,2781
BOOKKEEPER;5;23,82;6,35;NAIVEBAYES;UNDER_SAMPLING;NO_SELECTION;SENSITIVE_THRESHOLD;1,0000;0,0000;295,0000;19,0000;1,0000;0,0500;0,0952;0,5250;0,0897
BOOKKEEPER;5;23,82;6,35;NAIVEBAYES;UNDER_SAMPLING;BEST_FIRST;SENSITIVE_THRESHOLD;4,0000;5,0000;290,0000;16,0000;0,4444;0,2000;0,2759;0,5915;0,2462
BOOKKEEPER;5;23,82;6,35;NAIVEBAYES;UNDER_SAMPLING;NO_SELECTION;SENSITIVE_LEARNING;4,0000;5,0000;290,0000;16,0000;0,4444;0,2000;0,2759;0,9191;0,2462
BOOKKEEPER;5;23,82;6,35;NAIVEBAYES;UNDER_SAMPLING;BEST_FIRST;SENSITIVE_LEARNING;7,0000;11,0000;284,0000;13,0000;0,3889;0,3500;0,3684;0,8781;0,3280
BOOKKEEPER;5;23,82;6,35;NAIVEBAYES;SMOTE;NO_SELECTION;NO_COST_SENSITIVE;1,0000;0,0000;295,0000;19,0000;1,0000;0,0500;0,0952;0,8912;0,0897
BOOKKEEPER;5;23,82;6,35;NAIVEBAYES;SMOTE;BEST_FIRST;NO_COST_SENSITIVE;3,0000;0,0000;295,0000;17,0000;1,0000;0,1500;0,2609;0,8708;0,2484
BOOKKEEPER;5;23,82;6,35;NAIVEBAYES;SMOTE;NO_SELECTION;SENSITIVE_THRESHOLD;1,0000;0,0000;295,0000;19,0000;1,0000;0,0500;0,0952;0,5250;0,0897
BOOKKEEPER;5;23,82;6,35;NAIVEBAYES;SMOTE;BEST_FIRST;SENSITIVE_THRESHOLD;1,0000;0,0000;295,0000;19,0000;1,0000;0,0500;0,0952;0,5250;0,0897
BOOKKEEPER;5;23,82;6,35;NAIVEBAYES;SMOTE;NO_SELECTION;SENSITIVE_LEARNING;1,0000;0,0000;295,0000;19,0000;1,0000;0,0500;0,0952;0,9168;0,0897
BOOKKEEPER;5;23,82;6,35;NAIVEBAYES;SMOTE;BEST_FIRST;SENSITIVE_LEARNING;2,0000;0,0000;295,0000;18,0000;1,0000;0,1000;0,1818;0,9055;0,1723
BOOKKEEPER;5;23,82;6,35;IBK;NO_SAMPLING;NO_SELECTION;NO_COST_SENSITIVE;7,0000;4,0000;291,0000;13,0000;0,6364;0,3500;0,4516;0,7222;0,4257
BOOKKEEPER;5;23,82;6,35;IBK;NO_SAMPLING;BEST_FIRST;NO_COST_SENSITIVE;9,0000;9,0000;286,0000;11,0000;0,5000;0,4500;0,4737;0,9456;0,4400
BOOKKEEPER;5;23,82;6,35;IBK;NO_SAMPLING;NO_SELECTION;SENSITIVE_THRESHOLD;7,0000;4,0000;291,0000;13,0000;0,6364;0,3500;0,4516;0,6682;0,4257
BOOKKEEPER;5;23,82;6,35;IBK;NO_SAMPLING;BEST_FIRST;SENSITIVE_THRESHOLD;9,0000;9,0000;286,0000;11,0000;0,5000;0,4500;0,4737;0,7097;0,4400
BOOKKEEPER;5;23,82;6,35;IBK;NO_SAMPLING;NO_SELECTION;SENSITIVE_LEARNING;7,0000;4,0000;291,0000;13,0000;0,6364;0,3500;0,4516;0,7222;0,4257
BOOKKEEPER;5;23,82;6,35;IBK;NO_SAMPLING;BEST_FIRST;SENSITIVE_LEARNING;9,0000;9,0000;286,0000;11,0000;0,5000;0,4500;0,4737;0,9456;0,4400
BOOKKEEPER;5;23,82;6,35;IBK;OVER_SAMPLING;NO_SELECTION;NO_COST_SENSITIVE;11,0000;9,0000;286,0000;9,0000;0,5500;0,5500;0,5500;0,8631;0,5195
BOOKKEEPER;5;23,82;6,35;IBK;OVER_SAMPLING;BEST_FIRST;NO_COST_SENSITIVE;12,0000;18,0000;277,0000;8,0000;0,4000;0,6000;0,4800;0,8921;0,4371
BOOKKEEPER;5;23,82;6,35;IBK;OVER_SAMPLING;NO_SELECTION;SENSITIVE_THRESHOLD;11,0000;9,0000;286,0000;9,0000;0,5500;0,5500;0,5500;0,7597;0,5195
BOOKKEEPER;5;23,82;6,35;IBK;OVER_SAMPLING;BEST_FIRST;SENSITIVE_THRESHOLD;12,0000;17,0000;278,0000;8,0000;0,4138;0,6000;0,4898;0,7712;0,4483
BOOKKEEPER;5;23,82;6,35;IBK;OVER_SAMPLING;NO_SELECTION;SENSITIVE_LEARNING;1,0000;0,0000;295,0000;19,0000;1,0000;0,0500;0,0952;0,5672;0,0897
BOOKKEEPER;5;23,82;6,35;IBK;OVER_SAMPLING;BEST_FIRST;SENSITIVE_LEARNING;8,0000;7,0000;288,0000;12,0000;0,5333;0,4000;0,4571;0,7931;0,4259
BOOKKEEPER;5;23,82;6,35;IBK;UNDER_SAMPLING;NO_SELECTION;NO_COST_SENSITIVE;13,0000;18,0000;277,0000;7,0000;0,4194;0,6500;0,5098;0,8075;0,4688
BOOKKEEPER;5;23,82;6,35;IBK;UNDER_SAMPLING;BEST_FIRST;NO_COST_SENSITIVE;15,0000;32,0000;263,0000;5,0000;0,3191;0,7500;0,4478;0,8648;0,3938
BOOKKEEPER;5;23,82;6,35;IBK;UNDER_SAMPLING;NO_SELECTION;SENSITIVE_THRESHOLD;13,0000;18,0000;277,0000;7,0000;0,4194;0,6500;0,5098;0,7945;0,4688
BOOKKEEPER;5;23,82;6,35;IBK;UNDER_SAMPLING;BEST_FIRST;SENSITIVE_THRESHOLD;15,0000;32,0000;263,0000;5,0000;0,3191;0,7500;0,4478;0,8208;0,3938
BOOKKEEPER;5;23,82;6,35;IBK;UNDER_SAMPLING;NO_SELECTION;SENSITIVE_LEARNING;4,0000;52,0000;243,0000;16,0000;0,0714;0,2000;0,1053;0,5119;0,0129
BOOKKEEPER;5;23,82;6,35;IBK;UNDER_SAMPLING;BEST_FIRST;SENSITIVE_LEARNING;16,0000;25,0000;270,0000;4,0000;0,3902;0,8000;0,5246;0,8692;0,4802
BOOKKEEPER;5;23,82;6,35;IBK;SMOTE;NO_SELECTION;NO_COST_SENSITIVE;7,0000;4,0000;291,0000;13,0000;0,6364;0,3500;0,4516;0,7222;0,4257
BOOKKEEPER;5;23,82;6,35;IBK;SMOTE;BEST_FIRST;NO_COST_SENSITIVE;10,0000;12,0000;283,0000;10,0000;0,4545;0,5000;0,4762;0,9441;0,4389
BOOKKEEPER;5;23,82;6,35;IBK;SMOTE;NO_SELECTION;SENSITIVE_THRESHOLD;7,0000;4,0000;291,0000;13,0000;0,6364;0,3500;0,4516;0,6682;0,4257
BOOKKEEPER;5;23,82;6,35;IBK;SMOTE;BEST_FIRST;SENSITIVE_THRESHOLD;10,0000;12,0000;283,0000;10,0000;0,4545;0,5000;0,4762;0,7297;0,4389
BOOKKEEPER;5;23,82;6,35;IBK;SMOTE;NO_SELECTION;SENSITIVE_LEARNING;0,0000;0,0000;295,0000;20,0000;NaN;0,0000;NaN;0,4820;0,0000
BOOKKEEPER;5;23,82;6,35;IBK;SMOTE;BEST_FIRST;SENSITIVE_LEARNING;7,0000;5,0000;290,0000;13,0000;0,5833;0,3500;0,4375;0,8456;0,4094
BOOKKEEPER;6;20,47;17,95;RANDOMFOREST;NO_SAMPLING;NO_SELECTION;NO_COST_SENSITIVE;60,0000;62,0000;299,0000;19,0000;0,4918;0,7595;0,5970;0,8950;0,4847
BOOKKEEPER;6;20,47;17,95;RANDOMFOREST;NO_SAMPLING;BEST_FIRST;NO_COST_SENSITIVE;67,0000;76,0000;285,0000;12,0000;0,4685;0,8481;0,6036;0,9067;0,4843
BOOKKEEPER;6;20,47;17,95;RANDOMFOREST;NO_SAMPLING;NO_SELECTION;SENSITIVE_THRESHOLD;11,0000;2,0000;359,0000;68,0000;0,8462;0,1392;0,2391;0,5669;0,1985
BOOKKEEPER;6;20,47;17,95;RANDOMFOREST;NO_SAMPLING;BEST_FIRST;SENSITIVE_THRESHOLD;22,0000;5,0000;356,0000;57,0000;0,8148;0,2785;0,4151;0,6323;0,3562
BOOKKEEPER;6;20,47;17,95;RANDOMFOREST;NO_SAMPLING;NO_SELECTION;SENSITIVE_LEARNING;23,0000;7,0000;354,0000;56,0000;0,7667;0,2911;0,4220;0,9154;0,3586
BOOKKEEPER;6;20,47;17,95;RANDOMFOREST;NO_SAMPLING;BEST_FIRST;SENSITIVE_LEARNING;19,0000;4,0000;357,0000;60,0000;0,8261;0,2405;0,3725;0,9245;0,3173
BOOKKEEPER;6;20,47;17,95;RANDOMFOREST;OVER_SAMPLING;NO_SELECTION;NO_COST_SENSITIVE;68,0000;95,0000;266,0000;11,0000;0,4172;0,8608;0,5620;0,8639;0,4222
BOOKKEEPER;6;20,47;17,95;RANDOMFOREST;OVER_SAMPLING;BEST_FIRST;NO_COST_SENSITIVE;72,0000;117,0000;244,0000;7,0000;0,3810;0,9114;0,5373;0,8875;0,3804
BOOKKEEPER;6;20,47;17,95;RANDOMFOREST;OVER_SAMPLING;NO_SELECTION;SENSITIVE_THRESHOLD;12,0000;5,0000;356,0000;67,0000;0,7059;0,1519;0,2500;0,5690;0,1991
BOOKKEEPER;6;20,47;17,95;RANDOMFOREST;OVER_SAMPLING;BEST_FIRST;SENSITIVE_THRESHOLD;34,0000;26,0000;335,0000;45,0000;0,5667;0,4304;0,4892;0,6792;0,3955
BOOKKEEPER;6;20,47;17,95;RANDOMFOREST;OVER_SAMPLING;NO_SELECTION;SENSITIVE_LEARNING;24,0000;9,0000;352,0000;55,0000;0,7273;0,3038;0,4286;0,8038;0,3610
BOOKKEEPER;6;20,47;17,95;RANDOMFOREST;OVER_SAMPLING;BEST_FIRST;SENSITIVE_LEARNING;32,0000;34,0000;327,0000;47,0000;0,4848;0,4051;0,4414;0,8534;0,3322
BOOKKEEPER;6;20,47;17,95;RANDOMFOREST;UNDER_SAMPLING;NO_SELECTION;NO_COST_SENSITIVE;79,0000;151,0000;210,0000;0,0000;0,3435;1,0000;0,5113;0,9043;0,3331
BOOKKEEPER;6;20,47;17,95;RANDOMFOREST;UNDER_SAMPLING;BEST_FIRST;NO_COST_SENSITIVE;76,0000;148,0000;213,0000;3,0000;0,3393;0,9620;0,5017;0,8794;0,3215
BOOKKEEPER;6;20,47;17,95;RANDOMFOREST;UNDER_SAMPLING;NO_SELECTION;SENSITIVE_THRESHOLD;38,0000;27,0000;334,0000;41,0000;0,5846;0,4810;0,5278;0,7031;0,4364
BOOKKEEPER;6;20,47;17,95;RANDOMFOREST;UNDER_SAMPLING;BEST_FIRST;SENSITIVE_THRESHOLD;37,0000;27,0000;334,0000;42,0000;0,5781;0,4684;0,5175;0,6968;0,4251
BOOKKEEPER;6;20,47;17,95;RANDOMFOREST;UNDER_SAMPLING;NO_SELECTION;SENSITIVE_LEARNING;55,0000;150,0000;211,0000;24,0000;0,2683;0,6962;0,3873;0,7595;0,1730
BOOKKEEPER;6;20,47;17,95;RANDOMFOREST;UNDER_SAMPLING;BEST_FIRST;SENSITIVE_LEARNING;75,0000;143,0000;218,0000;4,0000;0,3440;0,9494;0,5051;0,8749;0,3279
BOOKKEEPER;6;20,47;17,95;RANDOMFOREST;SMOTE;NO_SELECTION;NO_COST_SENSITIVE;70,0000;76,0000;285,0000;9,0000;0,4795;0,8861;0,6222;0,9056;0,5075
BOOKKEEPER;6;20,47;17,95;RANDOMFOREST;SMOTE;BEST_FIRST;NO_COST_SENSITIVE;72,0000;107,0000;254,0000;7,0000;0,4022;0,9114;0,5581;0,9112;0,4115
BOOKKEEPER;6;20,47;17,95;RANDOMFOREST;SMOTE;NO_SELECTION;SENSITIVE_THRESHOLD;16,0000;4,0000;357,0000;63,0000;0,8000;0,2025;0,3232;0,5957;0,2703
BOOKKEEPER;6;20,47;17,95;RANDOMFOREST;SMOTE;BEST_FIRST;SENSITIVE_THRESHOLD;31,0000;11,0000;350,0000;48,0000;0,7381;0,3924;0,5124;0,6810;0,4430
BOOKKEEPER;6;20,47;17,95;RANDOMFOREST;SMOTE;NO_SELECTION;SENSITIVE_LEARNING;31,0000;13,0000;348,0000;48,0000;0,7045;0,3924;0,5041;0,8122;0,4310
BOOKKEEPER;6;20,47;17,95;RANDOMFOREST;SMOTE;BEST_FIRST;SENSITIVE_LEARNING;31,0000;24,0000;337,0000;48,0000;0,5636;0,3924;0,4627;0,8862;0,3698
BOOKKEEPER;6;20,47;17,95;NAIVEBAYES;NO_SAMPLING;NO_SELECTION;NO_COST_SENSITIVE;28,0000;30,0000;331,0000;51,0000;0,4828;0,3544;0,4088;0,7255;0,3028
BOOKKEEPER;6;20,47;17,95;NAIVEBAYES;NO_SAMPLING;BEST_FIRST;NO_COST_SENSITIVE;34,0000;27,0000;334,0000;45,0000;0,5574;0,4304;0,4857;0,8156;0,3903
BOOKKEEPER;6;20,47;17,95;NAIVEBAYES;NO_SAMPLING;NO_SELECTION;SENSITIVE_THRESHOLD;27,0000;28,0000;333,0000;52,0000;0,4909;0,3418;0,4030;0,6321;0,2998
BOOKKEEPER;6;20,47;17,95;NAIVEBAYES;NO_SAMPLING;BEST_FIRST;SENSITIVE_THRESHOLD;32,0000;25,0000;336,0000;47,0000;0,5614;0,4051;0,4706;0,6679;0,3768
BOOKKEEPER;6;20,47;17,95;NAIVEBAYES;NO_SAMPLING;NO_SELECTION;SENSITIVE_LEARNING;27,0000;28,0000;333,0000;52,0000;0,4909;0,3418;0,4030;0,7256;0,2998
BOOKKEEPER;6;20,47;17,95;NAIVEBAYES;NO_SAMPLING;BEST_FIRST;SENSITIVE_LEARNING;32,0000;25,0000;336,0000;47,0000;0,5614;0,4051;0,4706;0,8156;0,3768
BOOKKEEPER;6;20,47;17,95;NAIVEBAYES;OVER_SAMPLING;NO_SELECTION;NO_COST_SENSITIVE;28,0000;30,0000;331,0000;51,0000;0,4828;0,3544;0,4088;0,7152;0,3028
BOOKKEEPER;6;20,47;17,95;NAIVEBAYES;OVER_SAMPLING;BEST_FIRST;NO_COST_SENSITIVE;35,0000;33,0000;328,0000;44,0000;0,5147;0,4430;0,4762;0,8137;0,3718
BOOKKEEPER;6;20,47;17,95;NAIVEBAYES;OVER_SAMPLING;NO_SELECTION;SENSITIVE_THRESHOLD;26,0000;29,0000;332,0000;53,0000;0,4727;0,3291;0,3881;0,6244;0,2823
BOOKKEEPER;6;20,47;17,95;NAIVEBAYES;OVER_SAMPLING;BEST_FIRST;SENSITIVE_THRESHOLD;32,0000;28,0000;333,0000;47,0000;0,5333;0,4051;0,4604;0,6638;0,3615
BOOKKEEPER;6;20,47;17,95;NAIVEBAYES;OVER_SAMPLING;NO_SELECTION;SENSITIVE_LEARNING;40,0000;45,0000;316,0000;39,0000;0,4706;0,5063;0,4878;0,7588;0,3707
BOOKKEEPER;6;20,47;17,95;NAIVEBAYES;OVER_SAMPLING;BEST_FIRST;SENSITIVE_LEARNING;43,0000;74,0000;287,0000;36,0000;0,3675;0,5443;0,4388;0,7779;0,2857
BOOKKEEPER;6;20,47;17,95;NAIVEBAYES;UNDER_SAMPLING;NO_SELECTION;NO_COST_SENSITIVE;29,0000;35,0000;326,0000;50,0000;0,4531;0,3671;0,4056;0,7378;0,2918
BOOKKEEPER;6;20,47;17,95;NAIVEBAYES;UNDER_SAMPLING;BEST_FIRST;NO_COST_SENSITIVE;34,0000;36,0000;325,0000;45,0000;0,4857;0,4304;0,4564;0,8117;0,3461
BOOKKEEPER;6;20,47;17,95;NAIVEBAYES;UNDER_SAMPLING;NO_SELECTION;SENSITIVE_THRESHOLD;27,0000;33,0000;328,0000;52,0000;0,4500;0,3418;0,3885;0,6252;0,2763
BOOKKEEPER;6;20,47;17,95;NAIVEBAYES;UNDER_SAMPLING;BEST_FIRST;SENSITIVE_THRESHOLD;32,0000;29,0000;332,0000;47,0000;0,5246;0,4051;0,4571;0,6624;0,3565
BOOKKEEPER;6;20,47;17,95;NAIVEBAYES;UNDER_SAMPLING;NO_SELECTION;SENSITIVE_LEARNING;41,0000;73,0000;288,0000;38,0000;0,3596;0,5190;0,4249;0,7162;0,2700
BOOKKEEPER;6;20,47;17,95;NAIVEBAYES;UNDER_SAMPLING;BEST_FIRST;SENSITIVE_LEARNING;42,0000;64,0000;297,0000;37,0000;0,3962;0,5316;0,4541;0,8230;0,3126
BOOKKEEPER;6;20,47;17,95;NAIVEBAYES;SMOTE;NO_SELECTION;NO_COST_SENSITIVE;31,0000;33,0000;328,0000;48,0000;0,4844;0,3924;0,4336;0,7124;0,3251
BOOKKEEPER;6;20,47;17,95;NAIVEBAYES;SMOTE;BEST_FIRST;NO_COST_SENSITIVE;35,0000;32,0000;329,0000;44,0000;0,5224;0,4430;0,4795;0,8201;0,3767
BOOKKEEPER;6;20,47;17,95;NAIVEBAYES;SMOTE;NO_SELECTION;SENSITIVE_THRESHOLD;28,0000;30,0000;331,0000;51,0000;0,4828;0,3544;0,4088;0,6357;0,3028
BOOKKEEPER;6;20,47;17,95;NAIVEBAYES;SMOTE;BEST_FIRST;SENSITIVE_THRESHOLD;33,0000;29,0000;332,0000;46,0000;0,5323;0,4177;0,4681;0,6687;0,3683
BOOKKEEPER;6;20,47;17,95;NAIVEBAYES;SMOTE;NO_SELECTION;SENSITIVE_LEARNING;34,0000;38,0000;323,0000;45,0000;0,4722;0,4304;0,4503;0,6737;0,3368
BOOKKEEPER;6;20,47;17,95;NAIVEBAYES;SMOTE;BEST_FIRST;SENSITIVE_LEARNING;43,0000;46,0000;315,0000;36,0000;0,4831;0,5443;0,5119;0,7786;0,3972
BOOKKEEPER;6;20,47;17,95;IBK;NO_SAMPLING;NO_SELECTION;NO_COST_SENSITIVE;47,0000;67,0000;294,0000;32,0000;0,4123;0,5949;0,4870;0,7215;0,3490
BOOKKEEPER;6;20,47;17,95;IBK;NO_SAMPLING;BEST_FIRST;NO_COST_SENSITIVE;51,0000;95,0000;266,0000;28,0000;0,3493;0,6456;0,4533;0,7668;0,2873
BOOKKEEPER;6;20,47;17,95;IBK;NO_SAMPLING;NO_SELECTION;SENSITIVE_THRESHOLD;47,0000;67,0000;294,0000;32,0000;0,4123;0,5949;0,4870;0,7047;0,3490
BOOKKEEPER;6;20,47;17,95;IBK;NO_SAMPLING;BEST_FIRST;SENSITIVE_THRESHOLD;51,0000;95,0000;266,0000;28,0000;0,3493;0,6456;0,4533;0,6912;0,2873
BOOKKEEPER;6;20,47;17,95;IBK;NO_SAMPLING;NO_SELECTION;SENSITIVE_LEARNING;47,0000;67,0000;294,0000;32,0000;0,4123;0,5949;0,4870;0,7215;0,3490
BOOKKEEPER;6;20,47;17,95;IBK;NO_SAMPLING;BEST_FIRST;SENSITIVE_LEARNING;51,0000;95,0000;266,0000;28,0000;0,3493;0,6456;0,4533;0,7668;0,2873
BOOKKEEPER;6;20,47;17,95;IBK;OVER_SAMPLING;NO_SELECTION;NO_COST_SENSITIVE;43,0000;64,0000;297,0000;36,0000;0,4019;0,5443;0,4624;0,6833;0,3224
BOOKKEEPER;6;20,47;17,95;IBK;OVER_SAMPLING;BEST_FIRST;NO_COST_SENSITIVE;68,0000;114,0000;247,0000;11,0000;0,3736;0,8608;0,5211;0,7967;0,3611
BOOKKEEPER;6;20,47;17,95;IBK;OVER_SAMPLING;NO_SELECTION;SENSITIVE_THRESHOLD;43,0000;64,0000;297,0000;36,0000;0,4019;0,5443;0,4624;0,6835;0,3224
BOOKKEEPER;6;20,47;17,95;IBK;OVER_SAMPLING;BEST_FIRST;SENSITIVE_THRESHOLD;68,0000;114,0000;247,0000;11,0000;0,3736;0,8608;0,5211;0,7725;0,3611
BOOKKEEPER;6;20,47;17,95;IBK;OVER_SAMPLING;NO_SELECTION;SENSITIVE_LEARNING;4,0000;3,0000;358,0000;75,0000;0,5714;0,0506;0,0930;0,6180;0,0657
BOOKKEEPER;6;20,47;17,95;IBK;OVER_SAMPLING;BEST_FIRST;SENSITIVE_LEARNING;46,0000;25,0000;336,0000;33,0000;0,6479;0,5823;0,6133;0,8697;0,5342
BOOKKEEPER;6;20,47;17,95;IBK;UNDER_SAMPLING;NO_SELECTION;NO_COST_SENSITIVE;68,0000;110,0000;251,0000;11,0000;0,3820;0,8608;0,5292;0,7788;0,3733
BOOKKEEPER;6;20,47;17,95;IBK;UNDER_SAMPLING;BEST_FIRST;NO_COST_SENSITIVE;75,0000;137,0000;224,0000;4,0000;0,3538;0,9494;0,5155;0,7919;0,3438
BOOKKEEPER;6;20,47;17,95;IBK;UNDER_SAMPLING;NO_SELECTION;SENSITIVE_THRESHOLD;68,0000;110,0000;251,0000;11,0000;0,3820;0,8608;0,5292;0,7780;0,3733
BOOKKEEPER;6;20,47;17,95;IBK;UNDER_SAMPLING;BEST_FIRST;SENSITIVE_THRESHOLD;75,0000;137,0000;224,0000;4,0000;0,3538;0,9494;0,5155;0,7849;0,3438
BOOKKEEPER;6;20,47;17,95;IBK;UNDER_SAMPLING;NO_SELECTION;SENSITIVE_LEARNING;26,0000;75,0000;286,0000;53,0000;0,2574;0,3291;0,2889;0,5535;0,1095
BOOKKEEPER;6;20,47;17,95;IBK;UNDER_SAMPLING;BEST_FIRST;SENSITIVE_LEARNING;75,0000;138,0000;223,0000;4,0000;0,3521;0,9494;0,5137;0,7774;0,3411
BOOKKEEPER;6;20,47;17,95;IBK;SMOTE;NO_SELECTION;NO_COST_SENSITIVE;50,0000;79,0000;282,0000;29,0000;0,3876;0,6329;0,4808;0,7210;0,3320
BOOKKEEPER;6;20,47;17,95;IBK;SMOTE;BEST_FIRST;NO_COST_SENSITIVE;61,0000;125,0000;236,0000;18,0000;0,3280;0,7722;0,4604;0,7615;0,2785
BOOKKEEPER;6;20,47;17,95;IBK;SMOTE;NO_SELECTION;SENSITIVE_THRESHOLD;50,0000;79,0000;282,0000;29,0000;0,3876;0,6329;0,4808;0,7070;0,3320
BOOKKEEPER;6;20,47;17,95;IBK;SMOTE;BEST_FIRST;SENSITIVE_THRESHOLD;61,0000;125,0000;236,0000;18,0000;0,3280;0,7722;0,4604;0,7129;0,2785
BOOKKEEPER;6;20,47;17,95;IBK;SMOTE;NO_SELECTION;SENSITIVE_LEARNING;19,0000;61,0000;300,0000;60,0000;0,2375;0,2405;0,2390;0,5619;0,0712
BOOKKEEPER;6;20,47;17,95;IBK;SMOTE;BEST_FIRST;SENSITIVE_LEARNING;57,0000;63,0000;298,0000;22,0000;0,4750;0,7215;0,5729;0,8313;0,4548
